"POSTED_AT","ID","ORGANIZATION_URL","URL","DESCRIPTION","FUNCTION","ICON_URL","LOCATION","NAME","ORGANIZATION_TITLE","TAGS"
"2024-01-17","1","https://jobs.techstars.com/companies/bevi?filter=eyJqb2JfZnVuY3Rpb25zIjpbIklUIiwiRGVzaWduIl0sInBvc3RlZEF0U29ydGluZyI6ImFueSIsImFsZyI6IkhTMjU2IiwidHlwIjoiSldUIn0#content","https://jobs.techstars.com/companies/bevi/jobs/33266177-billing-revenue-analyst#content","<div data-testid=""careerPage"">
 <p>Bevi is on a mission to disrupt the beverage supply chain and replace single-use water bottles with smart water machines. Thousands of companies use Bevi to sustainably provide their employees with pure, sparkling, and flavored water at work. As the market leader in IoT-enabled beverage machines, we‚Äôve raised over $160M in venture capital and we have grown tremendously each year since launch. In addition to maintaining hypergrowth with our current product line, Bevi is heavily investing in new product development.</p>
 <p>Bevi is seeking a highly motivated and proactive Billing &amp; Revenue Analyst to manage the day-to-day activities of the accounts receivable function. This is a great opportunity for an individual with an accounting, finance, or business degree. The ideal candidate will have strong analytical and communication skills and possess the ability to juggle competing priorities. The Billing &amp; Revenue Analyst will report to the Senior Manager of Revenue and Billing and will be an integral and critical member of our Finance team and will collaborate cross-functionally with members of Sales, Customer Support, Supply Chain and Operations. </p>
 <p>This position will require 2 days per week in the office in Charlestown, MA.</p>
 <p>What you will do</p>
 <ul> 
  <li>Ensure customers and distributors are billed on time and with full accuracy</li> 
  <li>Manage the daily inflow of Billing department support tickets</li> 
  <li>Respond to customer billing inquiries via Zendesk (our Customer Support platform), email, and phone</li> 
  <li>Monitor Accounts Receivable and Aging reports, and collect on overdue <br>accounts</li> 
  <li>Apply customer payments to invoices</li> 
  <li>Complete weekly/monthly/ad hoc reporting</li> 
  <li>Assist with month end close tasks, such as revenue analysis, contract analysis, monthly GL account reconciliation, and AR aging analysis</li> 
  <li>Operate as an individual contributor within the Finance team, and collaborate cross-functionally with other departments and teams within Bevi</li> 
  <li>Assist with year-end Financial Audit</li> 
 </ul>
 <p>How you will grow</p>
 <ul> 
  <li>Engage with a talented Finance team drawn from diverse industries</li> 
  <li>Learn financial processes and best practices in a high-paced environment</li> 
  <li>Hone skills on industry-wide financial platforms and systems (Netsuite ERP, Salesforce CRM, Zen Desk Customer Support)</li> 
  <li>Deploy your energy and expertise to further the company's mission of sustainability, wellness, and positive personal and environmental change.</li> 
 </ul>
</div>","[IT, Design]","https://cdn.filestackcontent.com/output=f:webp,t:true,q:80,c:true/cache=expiry:max/resize=w:340/kssCV2d7THOhJlwsbz4b","Boston, MA, USA","Billing & Revenue Analyst","Bevi","Food, Hardware, Internet Services, Sustainability, 201 - 1000, Series C+, "
"2024-01-17","2","https://jobs.techstars.com/companies/belong-anywhere-ltd-2?filter=eyJqb2JfZnVuY3Rpb25zIjpbIklUIiwiRGVzaWduIl0sInBvc3RlZEF0U29ydGluZyI6ImFueSIsImFsZyI6IkhTMjU2IiwidHlwIjoiSldUIn0#content","https://jobs.techstars.com/companies/belong-anywhere-ltd-2/jobs/33262000-digital-designer#content","<div data-testid=""careerPage"">
 <p>Bubble makes it easier for everyone to build software. From early-stage founders building their very first product, to engineers working on large teams and wanting to build more efficiently, Bubble's drag and drop functionality and visual design language makes building full-stack applications faster and easier than ever before. As the only full-stack, no-code platform on the market with over 2 million users in over 100 countries, Bubble is making software development more accessible and breaking down the barriers to entrepreneurship across the globe.</p> 
 <p> </p> 
 <p><strong>About the team:</strong></p> 
 <p>We‚Äôre seeking a Digital Designer to join our growing Brand Studio at Bubble. This passionate team brings Bubble‚Äôs personality and values to life and gives shape to how Bubble shows up in the world consistently through every brand touch point. This role will support our mission of delivering creative web and digital experiences that meet our users where they are ‚Äî while maintaining a focus on accessibility, user experience, research, and growth. Our team is looking to make big swings in the next year, and this role will be key in evolving our marketing surfaces in ways that support our engaged audience of designers, developers, and founders. </p> 
 <p> </p> 
 <p><strong>About the role:</strong></p> 
 <p>As a Digital Designer, you‚Äôll work at the intersection of brand, UX, and growth. You‚Äôll work closely with our Creative Lead and collaborators on our Design team to create beautiful interactive experiences across all of Bubble‚Äôs marketing sites, evolve our design system, and establish UX best practices. </p> 
 <p> </p> 
 <p><strong>What you'll do at Bubble:</strong></p> 
 <ul> 
  <li>Own and drive best-in-class UX and design across our marketing websites, from concept through to prototype and production, while upholding high standards for design and product quality</li> 
  <li>Contribute to overall strategy and decision-making about brand direction, using data and research to inform decisions</li> 
  <li>Help deliver and refine clear storytelling around design needs and opportunities</li> 
  <li>Establish best practices for UX across all customer journeys and flows</li> 
  <li>Work cross-functionally with Brand Studio, Product, PMM, Growth, and Research peers to balance user needs with business and performance goals</li> 
  <li>Work with the wider marketing team to propose, design, and run tests to improve conversion and information architecture of the site</li> 
  <li>Collaborate with Design team and cross-functional teams to drive our design system forward </li> 
  <li>Actively contribute to the evolution of the Bubble brand by exploring novel solutions that support our brand and marketing goals</li> 
  <li>Collaborate with marketing, product design, and growth teams to concept digital experiences, campaigns, and launch announcements that support new products and features</li> 
 </ul> 
 <p> </p> 
 <p><strong>We‚Äôd love to hear from you if you have:</strong></p> 
 <ul> 
  <li>5+ years of experience working as a web designer</li> 
  <li>Experience in and enthusiasm for the intersection between brand, UX, and growth</li> 
  <li>A strong portfolio showcasing brand experience across digital surfaces</li> 
  <li>Expertise in UX patterns, a11y best practices, interaction design, and typography</li> 
  <li>Strong skills around communication, critical thinking, problem solving, and storytelling</li> 
  <li>Experience building design systems in Figma</li> 
  <li>Experience with working with research to run experiments and harness data to drive decision-making</li> 
  <li>The ability to work independently to explore concepts from beginning to end, while seeking healthy feedback loops with your ideas</li> 
  <li>Comfortable in your soft skills: collaborating cross-functionally, listening, negotiating, and decision-making</li> 
  <li>Nice to haves: familiarity with Bubble, interest in AI tools, and animation</li> 
 </ul> 
 <p> </p> 
 <p>If this sounds like you, apply! If you don‚Äôt meet all of the qualifications but think you could be a match, we‚Äôd still love the chance to review your application. </p> 
 <p> </p> 
 <p><em>We offer competitive compensation aligned to tier one markets, such as New York City, San Francisco, and Seattle. Our estimated salary for this role at Bubble ranges from $102,000 to $120,000. Actual pay is determined by multiple factors such as skills, qualifications, experience and market demand.</em></p> 
 <p> </p> 
 <p><em>At Bubble, we encourage people from all ages, abilities, and experiences to apply. Bubble does not discriminate on the basis of race, color, ancestry, religion, national origin, sexual orientation, age, citizenship, marital or family status, disability, gender, gender identity or expression, pregnancy or caregiver status, veteran status, or any other legally protected status.</em></p> 
 <p> </p> 
 <p><strong><em>For this role, Bubble is currently only considering candidates who are authorized to work in the US and are within commuting distance of our office in New York City. We will provide relocation assistance to those who are interested in moving to the NYC area.</em></strong></p> 
 <p> </p> 
 <p><em>While we do not have any in-office attendance requirements, we prefer hiring people within commuting distance of our NYC office because we value getting together in person regularly. For those who enjoy working from our Manhattan office on a more regular basis, we offer catered lunches, and happy hours, among other fun perks.</em></p>
</div>","[IT, Design]","https://cdn.filestackcontent.com/output=f:webp,t:true,q:80,c:true/cache=expiry:max/resize=w:340/ZJgHm4lTBKC0OITxlr34","New York, NY, USA","Digital Designer","Belong Anywhere Ltd","Administrative Services, HR and Recruiting, Internet Services, Software, 1 - 10, Seed, "
"2024-01-17","3","https://jobs.techstars.com/companies/divethru?filter=eyJqb2JfZnVuY3Rpb25zIjpbIklUIiwiRGVzaWduIl0sInBvc3RlZEF0U29ydGluZyI6ImFueSIsImFsZyI6IkhTMjU2IiwidHlwIjoiSldUIn0#content","https://www.indeed.com/viewjob?jk=4a77037e52e74269&utm_source=Techstars+job+board&utm_medium=getro.com&gh_src=Techstars+job+board","NOT_FOUND","[IT, Design]","https://cdn.filestackcontent.com/output=f:webp,t:true,q:80,c:true/cache=expiry:max/resize=w:340/2gevy39Qqm0ZqtSiwwww","St. Albert, AB, Canada","Registered Social Worker (MSW w/ Clinical Designation)","DiveThru","Health, Media, Mobile, Platforms, and Apps, Software, 11 - 50, "
"2024-01-18","4","https://jobs.techstars.com/companies/hulugram?filter=eyJqb2JfZnVuY3Rpb25zIjpbIklUIiwiRGVzaWduIl0sInBvc3RlZEF0U29ydGluZyI6ImFueSIsImFsZyI6IkhTMjU2IiwidHlwIjoiSldUIn0#content","https://jobs.techstars.com/companies/hulugram/jobs/33307467-ui-ux-and-graphics-designer#content","<div data-testid=""careerPage"">
 <div> <strong>Company Description<br></strong>Hulugram is an innovative tech company offering a multi-purpose messaging, social media, and ecommerce app. Our platform integrates a wide array of features including text and voice messaging, shopping, social networking, and financial transactions, all within a single, user-friendly interface.
  <br><strong>Role Overview<br></strong>We are on the lookout for an experienced Mobile Application Developer, skilled in Native Java and Flutter, to join our dynamic team. With your expertise, you will play a crucial role in enhancing and expanding our app's capabilities, ensuring a seamless and engaging user experience. As part of our team, you will collaborate closely with cross-functional groups, contributing significantly to the app's continual development and success.
  <br><strong>Key Responsibilities<br></strong>
  <ul> 
   <li>Design and build advanced applications for the Android platform using Native Java and Flutter.</li> 
   <li>Collaborate with cross-functional teams to define, design, and ship new features.</li> 
   <li>Ensure the performance, quality, and responsiveness of applications.</li> 
   <li>Identify and correct bottlenecks and fix bugs.</li> 
   <li>Help maintain code quality, organization, and automatization.</li> 
   <li>Stay up-to-date with new technology trends, applications, and protocols in the mobile development world.</li> 
  </ul> <strong><br>Requirements<br></strong>
  <ul> 
   <li>Minimum of 3+ years of proven experience in Android app development</li> 
   <li>.Strong knowledge of Android SDK, different versions of Android, and how to deal with different screen sizes</li> 
   <li>.Familiarity with RESTful APIs to connect Android applications to back-end services</li> 
   <li>.Proficient understanding of code versioning tools, such as Git</li> 
   <li>.Experience with Android UI principles and best practices</li> 
   <li>.Knowledge of the open-source Android ecosystem and the libraries available for common tasks</li> 
   <li>.Ability to understand business requirements and translate them into technical requirements<br> </li> 
  </ul>.<strong><br>Preferred Qualification<br></strong>
  <ul> 
   <li>s</li> 
   <li>Published one or more Android apps in the Google Play Stor</li> 
   <li>e.Experience with Flutter and cross-platform mobile app developmen</li> 
   <li>t.Strong understanding of the full mobile development life cycl</li> 
   <li>e.Experience with cloud message APIs and push notification<br> </li> 
  </ul>s<strong>.<br>Benefi<br></strong>
  <ul> 
   <li>ts</li> 
   <li>Competitive salary with bonus potenti</li> 
   <li>al.Flexible work polici</li> 
   <li>es.Opportunities for professional development and career grow<br> </li> 
  </ul>t<strong>h.<br>How to Ap</strong>ply
  <br>Please submit your resume, along with a portfolio of your work (links to live projects preferred), and a cover letter explaining why you would be a great fit for this role and Hulugram.
  <br> 
 </div>
</div>","[IT, Design]","https://cdn.filestackcontent.com/output=f:webp,t:true,q:80,c:true/cache=expiry:max/resize=w:340/x1shErA4TFqcUch2rmtY","Ethiopia; Addis Ababa, Ethiopia","UI/UX and Graphics Designer","Hulugram","Community and Lifestyle, Mobile, Platforms, and Apps, Software, 1 - 10, Pre Seed, "
"2024-01-18","5","https://jobs.techstars.com/companies/twelve-labs?filter=eyJqb2JfZnVuY3Rpb25zIjpbIklUIiwiRGVzaWduIl0sInBvc3RlZEF0U29ydGluZyI6ImFueSIsImFsZyI6IkhTMjU2IiwidHlwIjoiSldUIn0#content","https://jobs.techstars.com/companies/twelve-labs/jobs/33301771-lead-product-designer#content","<div data-testid=""careerPage"">
 <section>
  <div>
   <b>Who we are</b>
  </div> 
  <div>
   We‚Äôre a fast-moving, diverse team pushing the frontiers of artificial intelligence. At Twelve Labs, our mission is to help developers build programs that can see, listen, and understand the world as we do by bringing the world‚Äôs most powerful video understanding infrastructure to market. As a part of achieving this mission, we are building foundation AI models that can accurately and instantly search exact moments within petabytes of video archives, generate coherent text summaries of videos, perform prompt-based video generation, and many more. The Twelve Labs platform provides access to its Large Visual Language Models (VLMs) through a suite of APIs that are trained on massive video datasets and learn to understand the meaning and context behind the visuals, conversations, and sounds within videos.
  </div> 
  <div>
   Twelve Labs recently raised $17M in seed funding, recognized as one of CB Insights‚Äô AI 100 companies within a year of its founding, and secured a massive compute resource through partnering with Oracle. We are hyper focused on delivering the Twelve Labs platform to our customers so they can build video understanding into their products and power dream features they could have only imagined.
  </div> 
  <div>
   Part of the pathway to our rapid growth has been paved by the outstanding group of people united by the company‚Äôs mission. Beyond prominent venture capital firms such as Index Ventures and Radical Ventures, the Twelve Labs mission is backed by category building luminaries like Fei-Fei Li (Stanford HAI), Silvio Savarese (Salesforce), Oren Etzioni (AI2), Alexandr Wang (Scale), Lukas Biewald (W&amp;B), Jack Conte (Patreon) and more.
  </div> 
  <div>
   We are committed to creating a diverse and inclusive work environment where our team members can bring their full selves to work, bring out their potential, and most importantly, thrive together. We welcome kind, brilliant, and open minded people from all walks of life to our team. If joining this mission speaks to you, we encourage you to apply!
  </div> 
  <div>
   <b>About the role:</b>
  </div> 
  <div>
   <span>Twelve Labs is at the forefront of pioneering video AI technology, transforming the realm of video interaction with our groundbreaking multimodal video foundation model. Our Product Development Team is dedicated to crafting these sophisticated AI models into user-friendly and powerful APIs, revolutionizing video search and generative tasks.</span>
  </div> 
  <div>
   <span>As our Lead Product Designer, you will be entrusted with the task of creating a seamless and engaging user experience for our Video Understanding Platform. This role is not just about designing interfaces; it's about architecting a cohesive ecosystem comprising the Playground, Dashboard, API, partner integrations, upcoming SDKs, and more, that are integral to our users and developer community. Collaborating with our cross-disciplinary teams, including ML Research, Engineering, and Go-to-Market (GTM), you will play a critical role in making our AI technology more accessible and impactful.</span>
  </div> 
  <div>
   <span>This role is for those with a passion for product design in fast-paced tech environments. Your expertise in understanding user needs through both qualitative and quantitative lenses, coupled with your agility in devising creative strategies, will be key in continually evolving our products.</span>
  </div>
 </section>
 <section>
  <h3>You will:</h3> 
  <ul> 
   <li>Spearhead the product design vision, defining the overarching vision and making pivotal decisions</li> 
   <li>Take charge of design work across full cycle product development from concept, research to design, development, launch and post-launch</li> 
   <li>Closely collaborate with internal teams such as Product Management, Engineering, Go-to-Market, Research, and Data Science. This collaborative effort aims to shape strategic decisions and metrics, ultimately optimizing the user experience for maximum impact.</li> 
   <li>Ensure a cohesive and unified user experience by developing and upholding design systems and standards for Twelve Labs platform</li> 
   <li>Collaborate seamlessly with the Growth team to encapsulate the brand and product ethos within the visual identity and the overarching design philosophy reflected on the website.</li> 
  </ul>
 </section>
 <section>
  <h3>Requirements:</h3> 
  <ul> 
   <li>Minimum 7 years of experience in SaaS product design, with a preference for those who have led projects or teams. Candidates must submit a portfolio.</li> 
   <li>Experience designing 0-1 innovative products that are not yet in the market.</li> 
   <li>Proficient in handling complex information, technology, and policies to create structured and consistent user interfaces.</li> 
   <li>Proven track record in designing products for enterprise or developer-focused audiences.</li> 
   <li>Solid experience in user research, usability testing, user-centered design methodologies, and analyzing user data to extract actionable insights.</li> 
   <li>Exceptional communication skills, fostering collaboration across various teams.</li> 
  </ul>
 </section>
 <section>
  <h3>Desirable Qualities:</h3> 
  <ul> 
   <li>Strong interest in AI and machine learning concepts and their application in product design.</li> 
   <li>Experience in designing AI-powered applications or platforms.</li> 
   <li>Previous experience working in a startup environment is a plus.</li> 
  </ul>
 </section>
 <section>
  <div>
   <b>Interview and Onboarding Process</b>
  </div> 
  <div>
   Resume + Portfolio ‚Üí Recruiter Phone Screen -&gt; Hiring Manager Call -&gt; Portfolio presentation ‚Üí Technical Interview and/or Take Home Assignment -&gt; Culture Interview -&gt; Reference Checks
  </div> 
  <div>
   Even If there are a few checkboxes that aren‚Äôt ticked through your prior experience, we still encourage you to apply! If you are a 0-to-1 achiever, a ferocious learner, and a kind and fun team player who motivates others, you will find a home at Twelve Labs. 
  </div> 
  <div>
   We welcome applicants from all walks of life and are committed to equal opportunity employment. We cherish and celebrate diversity not just because it is the right thing to do, but because it makes our company much stronger.
  </div> 
  <div>
   <b>Benefits and Perks</b>
  </div> 
  <div>
   ü§ù An open and inclusive culture and work environment.
  </div> 
  <div>
   üßë‚Äçüíª Work closely with a collaborative, mission-driven team on cutting-edge AI technology.
  </div> 
  <div>
   ü¶∑ Full health, dental, and vision benefits
  </div> 
  <div>
   ‚úàÔ∏è Extremely flexible PTO and parental leave policy. Office closed the week of Christmas and New Years.
  </div> 
  <div>
   üèô Remote-flexible, offices in San Francisco and Seoul and coworking stipend
  </div> 
  <div>
   üõÇ VISA support (such as H1B and OPT transfer for US employees)
  </div>
 </section>
</div>","[IT, Design]","https://cdn.filestackcontent.com/output=f:webp,t:true,q:80,c:true/cache=expiry:max/resize=w:340/Cga8z36QsOw8gxY2bxjA","San Francisco, CA, USA","Lead Product Designer","Twelve Labs","Media, Software, 11 - 50, Seed, "
"2024-01-18","6","https://jobs.techstars.com/companies/preply?filter=eyJqb2JfZnVuY3Rpb25zIjpbIklUIiwiRGVzaWduIl0sInBvc3RlZEF0U29ydGluZyI6ImFueSIsImFsZyI6IkhTMjU2IiwidHlwIjoiSldUIn0#content","https://jobs.techstars.com/companies/preply/jobs/33294536-senior-corporate-it-engineer#content","<div data-testid=""careerPage"">
 <h3><strong>At Preply, we are unlocking human potential through learning.</strong></h3> 
 <p>We believe learning with a great tutor is life-changing. That‚Äôs why we match online tutors from across the globe with learners and empower them to create live language classes with AI-powered tools and learning materials. This is how we deliver progress, create engagement and keep our global community of learners motivated. So far, over 32,000 tutors have given more than 15 million lessons to learners from over 175 countries.</p> 
 <h3><strong>Meet the team!</strong></h3> 
 <p>In Corporate IT, we're dedicated to elevating Preply's internal infrastructure, empowering users for peak productivity. We bring flair to the workplace, ensuring a seamless blend of efficient tools and style!</p> 
 <h3><strong>What you‚Äôll be doing:</strong></h3> 
 <ul> 
  <li>Lead IT operations and user support, including access management, device management, onboarding and offboarding processes, etc.</li> 
  <li>Automation: Offering guidance and support for streamlining routine tasks, promoting a more efficient workload, and enhancing scalability with ease.</li> 
  <li>Testing and evaluating new technologies.</li> 
  <li>Create and uphold comprehensive documentation for supported applications, processes, and training materials, fostering a resourceful repository for both internal employees and IT staff.</li> 
  <li>Help maintain and improve our cloud infrastructure (Okta &amp; Jamf).</li> 
  <li>Lead and collaborate on Corporate IT projects and goals.</li> 
  <li>Engage in collaborative efforts to define and track Objectives and Key Results (OKRs), fostering alignment and shared achievement.</li> 
  <li>Work closely with the team to enhance end-user support, ensuring a collaborative and efficient approach to addressing user needs.</li> 
 </ul> 
 <h3><strong>What you need to succeed:</strong></h3> 
 <ul> 
  <li>5 years of experience within a similar scope </li> 
  <li>Experience working with cloud infrastructure tools for corporate use (Okta, Jamf etc.)</li> 
  <li>Demonstrate robust automation skills, showcasing expertise in identifying, planning, and seamlessly implementing automation within our systems to enhance scalability.</li> 
  <li>Coding experience in languages like Bash, Python or Powershell</li> 
  <li>Proven expertise in effectively managing relationships with senior stakeholders.</li> 
  <li>Able to work autonomously while taking ownership of projects</li> 
  <li>Strong communication skills in English (our team features more than 25 nationalities)</li> 
  <li>The ability to focus on what counts, creating simple solutions to deliver fast results</li> 
  <li>A passion for learning and a desire for self-improvement</li> 
 </ul> 
 <h3><strong>Why you‚Äôll love it at Preply</strong></h3> 
 <ul> 
  <li>An open, collaborative, dynamic and diverse culture;</li> 
  <li>A generous monthly allowance for lessons on<a href=""http://preply.coma/""> Preply.com</a>, Learning &amp; Development budget and time off for your self-development;</li> 
  <li>A competitive financial package with equity, leave allowance and health insurance;</li> 
  <li>Access to free mental health support platforms;</li> 
  <li>Access to Gympass-partnered wellness and gym centers throughout Spain to promote and support well-being and physical health</li> 
  <li>The opportunity to unlock the potential of learners and tutors through language learning and teaching in 175 countries (and counting!).</li> 
 </ul> 
 <h3><strong>Our Principles</strong></h3> 
 <ul> 
  <li> <strong>Care to change the world</strong> - We are passionate about our work and care deeply about its impact to be life changing.</li> 
  <li> <strong>We do it for learners</strong> - For both Preply and tutors, learners are why we do what we do. Every day we focus on empowering tutors to deliver an exceptional learning experience.</li> 
  <li> <strong>Keep perfecting </strong>- To create an outstanding customer experience, we focus on simplicity, smoothness, and enjoyment, continually perfecting it as every detail matters.</li> 
  <li> <strong>Now is the time</strong> - In a fast-paced world, it matters how quickly we act. Now is the time to make great things happen.</li> 
  <li> <strong>Disciplined execution</strong> - What makes us disciplined is the excellence in our execution. We set clear goals, focus on what matters, and utilize our resources efficiently.</li> 
  <li> <strong>Dive deep</strong> - We leverage business acumen and curiosity to investigate disparities between numbers and stories, unlocking meaningful insights to guide our decisions.</li> 
  <li> <strong>Growth mindset</strong> - We proactively seek growth opportunities and believe today's best performance becomes tomorrow's starting point. We humbly embrace feedback and learn from setbacks.</li> 
  <li> <strong>Raise the bar</strong> - We raise our performance standards continuously, alongside each new hire and promotion. We build diverse and high-performing teams that can make a real difference.</li> 
  <li> <strong>Challenge, disagree and commit</strong> - We value open and candid communication, even when we don‚Äôt fully agree. We speak our minds, challenge when necessary, and fully commit to decisions once made.</li> 
  <li> <strong>One Preply </strong>- We prioritize collaboration, inclusion, and the success of our team over personal ambitions. Together, we support and celebrate each other's progress.</li> 
 </ul> 
 <h3><strong>Diversity, Equity, and Inclusion</strong></h3> 
 <p>Preply is committed to creating a diverse and inclusive environment where people from all backgrounds can thrive. Different opinions and viewpoints are key ingredients in our success as a multicultural Ed-Tech company. </p> 
 <p>Preply will consider all applications for employment without regard to race, color, religion, gender identity or expression, sexual orientation, national origin, disability, age or veteran status. Together, we are The World Class.</p>
</div>","[IT, Design]","https://cdn.filestackcontent.com/output=f:webp,t:true,q:80,c:true/cache=expiry:max/resize=w:340/humVvBUDRV6X06Z6SSpW","Barcelona, Spain","Senior Corporate IT Engineer","Preply","Education, Software, 5001+, Series C+, "
"2024-01-18","7","https://jobs.techstars.com/companies/preply?filter=eyJqb2JfZnVuY3Rpb25zIjpbIklUIiwiRGVzaWduIl0sInBvc3RlZEF0U29ydGluZyI6ImFueSIsImFsZyI6IkhTMjU2IiwidHlwIjoiSldUIn0#content","https://jobs.techstars.com/companies/preply/jobs/33294535-junior-financial-analyst#content","<div data-testid=""careerPage"">
 <h3><strong>At Preply, we are unlocking human potential through learning.</strong></h3> 
 <p>We believe learning with a great tutor is life-changing. That‚Äôs why we match online tutors from across the globe with learners and empower them to create live language classes with AI-powered tools and learning materials. This is how we deliver progress, create engagement and keep our global community of learners motivated. So far, over 32,000 tutors have given more than 15 million lessons to learners from over 175 countries.</p> 
 <h3><strong>Meet the team!</strong></h3> 
 <p>As a Junior Financial Analyst, you will be part of the finance team and work closely with various stakeholders to analyze financial data, create reports, and provide insights that will drive informed decision-making within the organization. You will play a crucial role in supporting our financial planning and analysis efforts. This is an excellent opportunity for a highly motivated individual who is eager to develop their analytical skills and contribute to the growth of a dynamic tech scale-up.</p> 
 <h3><strong>What you‚Äôll be doing:</strong></h3> 
 <ul> 
  <li>Perform financial analysis and modeling to support strategic and operational decision-making processes.</li> 
  <li>Conduct variance analysis and identify trends, risks, and opportunities.</li> 
  <li>Prepare regular financial reports, dashboards, and presentations for management including key performance indicators (KPIs) and insights on financial performance.</li> 
  <li>Pursue cost management across the business, monitoring procurement requests and processes.</li> 
  <li>Collaborate with cross-functional teams to gather relevant financial data and ensure accuracy.</li> 
  <li>Assist in budgeting, forecasting, and financial planning activities.</li> 
  <li>Support the preparation of financial statements, including income statements, balance sheets, and cash flow statements.</li> 
 </ul> 
 <h3><strong>What you need to succeed:</strong></h3> 
 <ul> 
  <li>Bachelors‚Äô Degree in Finance, Economics, Business Administration or Business Management. It will be a plus having previous experience within similar responsibilities.</li> 
  <li>Strong communication skills. Minimum C1 level of English.</li> 
  <li>Motivated to join the Tech industry.</li> 
  <li>Comfortable working with large amounts of data and modern finance tools, SQL is a plus.</li> 
  <li>Willing to work on-site around 3 days weekly.</li> 
 </ul> 
 <h3><strong>Why you‚Äôll love it at Preply</strong></h3> 
 <ul> 
  <li>An open, collaborative, dynamic and diverse culture;</li> 
  <li>A generous monthly allowance for lessons on<a href=""http://preply.com""> Preply.com</a>, Learning &amp; Development budget and time off for your self-development;</li> 
  <li>A competitive financial package with equity, leave allowance and health insurance;</li> 
  <li>Access to free mental health support platforms;</li> 
  <li>Access to Gympass-partnered wellness and gym centers throughout Spain to promote and support well-being and physical health</li> 
  <li>The opportunity to unlock the potential of learners and tutors through language learning and teaching in 175 countries (and counting!).</li> 
 </ul> 
 <h3><strong>Our Principles</strong></h3> 
 <ul> 
  <li> <strong>Care to change the world</strong> - We are passionate about our work and care deeply about its impact to be life changing.</li> 
  <li> <strong>We do it for learners</strong> - For both Preply and tutors, learners are why we do what we do. Every day we focus on empowering tutors to deliver an exceptional learning experience.</li> 
  <li> <strong>Keep perfecting </strong>- To create an outstanding customer experience, we focus on simplicity, smoothness, and enjoyment, continually perfecting it as every detail matters.</li> 
  <li> <strong>Now is the time</strong> - In a fast-paced world, it matters how quickly we act. Now is the time to make great things happen.</li> 
  <li> <strong>Disciplined execution</strong> - What makes us disciplined is the excellence in our execution. We set clear goals, focus on what matters, and utilize our resources efficiently.</li> 
  <li> <strong>Dive deep</strong> - We leverage business acumen and curiosity to investigate disparities between numbers and stories, unlocking meaningful insights to guide our decisions.</li> 
  <li> <strong>Growth mindset</strong> - We proactively seek growth opportunities and believe today's best performance becomes tomorrow's starting point. We humbly embrace feedback and learn from setbacks.</li> 
  <li> <strong>Raise the bar</strong> - We raise our performance standards continuously, alongside each new hire and promotion. We build diverse and high-performing teams that can make a real difference.</li> 
  <li> <strong>Challenge, disagree and commit</strong> - We value open and candid communication, even when we don‚Äôt fully agree. We speak our minds, challenge when necessary, and fully commit to decisions once made.</li> 
  <li> <strong>One Preply </strong>- We prioritize collaboration, inclusion, and the success of our team over personal ambitions. Together, we support and celebrate each other's progress.</li> 
 </ul> 
 <h3><strong>Diversity, Equity, and Inclusion</strong></h3> 
 <p>Preply is committed to creating a diverse and inclusive environment where people from all backgrounds can thrive. Different opinions and viewpoints are key ingredients in our success as a multicultural Ed-Tech company. </p> 
 <p>Preply will consider all applications for employment without regard to race, color, religion, gender identity or expression, sexual orientation, national origin, disability, age or veteran status. Together, we are The World Class.</p>
</div>","[IT, Design]","https://cdn.filestackcontent.com/output=f:webp,t:true,q:80,c:true/cache=expiry:max/resize=w:340/humVvBUDRV6X06Z6SSpW","Barcelona, Spain","Junior Financial Analyst","Preply","Education, Software, 5001+, Series C+, "
"2024-01-18","8","https://jobs.techstars.com/companies/bench-2?filter=eyJqb2JfZnVuY3Rpb25zIjpbIklUIiwiRGVzaWduIl0sInBvc3RlZEF0U29ydGluZyI6ImFueSIsImFsZyI6IkhTMjU2IiwidHlwIjoiSldUIn0#content","https://jobs.techstars.com/companies/bench-2/jobs/33290371-revenue-analyst#content","<div data-testid=""careerPage"">
 <div> 
  <div> 
   <div> 
    <div> 
     <div> 
      <div> 
       <div> 
        <div id=""1646761382.242029""> 
         <div> 
          <div> 
           <div> 
            <div> 
             <div> 
              <div> 
               <div> 
                <div> 
                 <div> 
                  <div> <strong>What‚Äôs Bench? </strong><span>Visit</span><a href=""https://bench.co/whats-new/""><span> Bench's latest news</span></a><span> to see what's happening, and</span><a href=""https://bench.co/customer-reviews/""><span> </span><span>read what our customers have to say</span></a><span>. You can also check us out in</span><a href=""https://medium.com/lifeatbench/you-and-the-application-process-at-bench-fc5d5712c7f7""><span> </span><span>Medium</span></a><span>, on our</span><a href=""https://www.linkedin.com/company/benchaccounting/""><span> </span><span>LinkedIn page</span></a><span>, our</span><a href=""https://www.instagram.com/benchaccounting/""><span> Instagram</span></a><span>, and our</span><a href=""https://medium.com/lifeatbench""><span> </span><span>Life at Bench Blog.</span></a><span> </span> 
                  </div> 
                 </div> 
                </div> 
               </div> 
              </div> 
             </div> 
            </div> 
            <div> 
             <div> 
              <p><em><span>We acknowledge that Bench is founded on the traditional, ancestral, and unceded territory of the Coast Salish Peoples, including the territories of the x ∑m…ôŒ∏kw…ôyÃì…ôm (Musqueam), Skwxw√∫7mesh </span></em><em><span>(Squamish), and S…ôlÃì√≠lw…ôta î/Selilwitulh (Tsleil-Waututh) Nations.</span></em></p> 
              <p><span>Businesses need to understand their financial performance, but for many smaller ones, this means a trade-off between managing their books and running their businesses.</span></p> 
              <p><span>Our mission is to help every business owner thrive, by providing financial insight and peace of mind in one seamless platform. From creatives to chiropractors, Bench helps thousands of small business owners and entrepreneurs master their financial lives. Because understanding your finances should be three things: simple, effortless, and affordable.</span></p> <span>We‚Äôre growing fast, and we‚Äôre looking for exceptional people to join us on this incredible journey. Check out our</span><a href=""https://bench.co/go/culture/""><span> culture guide</span></a><span> to learn more about what it‚Äôs like to work at Bench and read more about our business </span><a href=""https://bench.co/about/""><span>here</span></a><span>!<br></span> 
             </div> 
            </div> 
           </div> 
          </div> 
         </div> 
        </div> 
       </div> 
      </div> 
     </div> 
    </div> 
   </div> 
   <div> 
    <div> 
     <div> 
     </div> 
    </div> 
   </div> 
  </div> 
 </div> 
 <p><strong>What does the Finance department look like?</strong></p> 
 <p><span>We‚Äôre a close-knit team of scrappy, driven folks that are committed to making sure Bench has what it needs to succeed. From accounting, treasury and legal, to strategy, financial planning and analysis, we have a broad portfolio that lets us engage with every part of the business. We enjoy solving problems together through open communication and collaboration, while respecting each other‚Äôs ideas.</span></p> 
 <p><span>Bench‚Äôs Finance team builds and maintains the systems and processes that enables Bench to operate efficiently day-to-day, as well as provide key financial data that helps drive Bench‚Äôs success and growth. Being a member of this team means you‚Äôll play an integral role in increasing the efficiency and efficacy of our month end close, financial reporting, procurement and day to day operations. We‚Äôve done some of the heavy lifting already, but, there is still a lot to build and scale. </span></p> 
 <p><span>Reporting to our Finance Manager, you will have the opportunity to hone and apply your existing accounting, structured problem-solving and process development skills into everything that we do. You‚Äôll be a key contributor from day one, and you‚Äôll learn all the in‚Äôs and outs of how a finance team at a tech company operates. </span></p> 
 <p><strong>What you‚Äôll get up to:</strong></p> 
 <ul> 
  <li><span>Ownership of the Order to cash process (Revenue cycle)</span></li> 
  <li><span>Develop and update accounting policies and procedures for revenue recognition in accordance with US GAAP </span></li> 
  <li><span>Analyze billing information from various data sources and use it to report revenue on a timely and accurate basis</span></li> 
  <li><span>Conduct detailed variance analysis of revenue and receivables on a monthly/quarterly/annual basis vs budget and vs prior period(s). </span></li> 
  <li><span>Assist FP&amp;A in revenue forecasting and the impact of different variables on sales and revenue recognition, including the impact of seasonal factors.</span></li> 
  <li><span>As the subject matter expert on Revenue accounting and reporting, be responsible for advising the business on the impact on reporting due to changes in product, practices, pricing, and strategy. Be the point of contact to address all queries related to revenue recognition.</span></li> 
  <li><span>Produce the data required for timely and accurate sales tax filings, while developing process efficiencies and automations. </span></li> 
  <li><span>Develop and automate the production of a single sales dashboard to be used by business stakeholders. </span></li> 
  <li><span>Lead automation projects, working with business and IT teams, to reduce reporting time and improve efficiency and accuracy in all related deliverables.</span></li> 
  <li><span>Own the Accounts Receivable function to ensure cash is received timely and receivable balances and analysis are accurately reported.</span></li> 
  <li><span>Work with the Partnerships teams to manage Partnerships, agreements, invoicing and receivables from onboarding and review of agreements to invoicing and recovery of dues. </span></li> 
  <li><span>Lead the financial audit for Revenue/Receivable line items and assist in other areas as required.</span></li> 
  <li><span>Assist the Manager of Financial reporting in performing reconciliation as required.</span></li> 
  <li><span>Provide leadership to other team members by teaching and working with them to tackle complex technical and operational problems.</span></li> 
  <li><span>Assist with any other accounting/reporting requirements</span></li> 
 </ul> 
 <p><strong>What you'll need:</strong><span> </span></p> 
 <ul> 
  <li><span>4+ years in a similar role</span></li> 
  <li><span>Working knowledge of US GAAP, and ASC 606</span></li> 
  <li><span>CPA would be an asset</span></li> 
  <li><span>Proficiency in Microsoft Excel, PowerPoint, and Google Sheets</span></li> 
  <li><span>Working knowledge of Stripe and NetSuite, and SQL is an asset</span></li> 
  <li><span>Experience in a SaaS based company is preferred</span></li> 
  <li><span>Superior organization and prioritization skills, keen attention to detail</span></li> 
  <li><span>Excellent verbal and written communication skills</span></li> 
  <li><span>Able to work under pressure in a tight deadline-oriented environment</span></li> 
  <li><span>Willingness to work overtime as required during peak closing periods, and audit time</span></li> 
 </ul> 
 <p><strong>What you'll get:</strong></p> 
 <ul> 
  <li><span>At Bench we share information freely and openly whenever possible. The salary range for this role is $73,200 - $91,500 per year, depending on experience.</span></li> 
  <li> <span>In addition, we offer an extended benefits package that includes paid vacation, paid flex days, </span><span>stock options</span><span>, and full health, dental, and vision. </span> </li> 
  <li> <span>You‚Äôll get access to </span><span> </span><a href=""https://inkblottherapy.com/bench""><span>Inkblot Therapy</span></a><span>‚Äôs </span><span> Employee and Family Assistance Program (EAP) that offers counseling and support, for you and family members, as well as professional development coaching, financial advice, legal advice and much more.</span> </li> 
  <li><span>Bench has a number of Affinity Groups - groups of people who have shared identities and experiences! The purpose of these groups is to support underrepresented Benchmates and amplify their voices.</span></li> 
  <li><span>If you live in BC‚Äôs Lower Mainland, you have the opportunity to work at home and in our downtown office location, depending on your preference! For some roles, we do require folks to be in the office regularly. We‚Äôll be sure to outline expectations during the interview process.</span></li> 
  <li><span>For folks working fully remote, we will provide additional solutions to bring teams together for collaboration and connection.</span></li> 
  <li><span>Whether you get to use the office or if you work remotely, you‚Äôll have access to our Home Office Setup Fund to ensure that you have everything you need to work comfortably from home, from day one.</span></li> 
  <li><span>You‚Äôll have the opportunity to work from somewhere other than your home province for up to 3 months, within a 12 month period.</span></li> 
 </ul> 
 <p><em><span>Everyone has their own unique talents. Even if you don‚Äôt meet 100% of the qualifications outlined above, tell us why you‚Äôd be a great fit for this role in your application.</span></em></p> 
 <p><span><em>We believe that unchecked biases disproportionately impact the most marginalized people in society‚Äîincluding but not limited to BIPOC, LGBTQ2S+ people, immigrants, and people with disabilities. We strongly encourage applications from people with these identities or other marginalized communities because we believe that without you, we are all less. If you are selected for an interview and require support during the process, including disability accommodation, we'll give you the opportunity to tell us when we contact you.</em><em><br></em></span></p>
</div>","[IT, Design]","https://cdn.filestackcontent.com/output=f:webp,t:true,q:80,c:true/cache=expiry:max/resize=w:340/A2wIvDhoTtiHcywwh8a2","Canada; Remote","Revenue Analyst","Bench","Finance, Professional Services, 201 - 1000, Series C+, "
"2024-01-18","9","https://jobs.techstars.com/companies/bench-2?filter=eyJqb2JfZnVuY3Rpb25zIjpbIklUIiwiRGVzaWduIl0sInBvc3RlZEF0U29ydGluZyI6ImFueSIsImFsZyI6IkhTMjU2IiwidHlwIjoiSldUIn0#content","https://jobs.techstars.com/companies/bench-2/jobs/33290370-data-architect#content","<div data-testid=""careerPage"">
 <div> 
  <div> 
   <div> 
    <div> 
     <div> 
      <div> 
       <div> 
        <div id=""1646761382.242029""> 
         <div> 
          <div> 
           <div> 
            <div> 
             <div> 
              <div> 
               <div> 
                <div> 
                 <div> 
                 </div> 
                </div> 
               </div> 
              </div> 
             </div> 
            </div> 
           </div> 
          </div> 
         </div> 
        </div> 
       </div> 
      </div> 
     </div> 
    </div> 
   </div> 
  </div> 
 </div> 
 <p><strong>What‚Äôs Bench? Check us out in</strong><a href=""https://medium.com/lifeatbench/ways-we-foster-team-connection-in-a-remote-world-89dc2d032f36""> Medium</a>,<a href=""https://betakit.com/bench-secures-73-million-cad-unveils-new-banking-products/""> Betakit,</a><a href=""https://financialpost.com/pmn/press-releases-pmn/business-wire-news-releases-pmn/bench-raises-60-million-usd-series-c-and-expands-beyond-accounting-with-launch-of-bench-banking/wcm/a198799b-9574-4363-b6ff-916ccd77bc24/amp/""> Financial Post</a>,<a href=""https://jasonpereira.ca/all-content-jason-pereira-toronto/bench?rq=ian%20crosby""> Fintech Impact</a>,<a href=""https://officesnapshots.com/2017/04/25/bench-accounting-offices-vancouver/""> Perkins + Will</a>,<a href=""https://www.bcbusiness.ca/10-Things-You-Didnt-Know-About-Bench-Accounting-CEO-Ian-Crosby""> BC Business</a>, our<a href=""https://www.instagram.com/benchaccounting/""> Instagram</a>, and our<a href=""https://medium.com/lifeatbench""> Blog.</a></p> 
 <p><em>We acknowledge that Bench headquarters is located on the traditional, ancestral, and unceded territory of the Coast Salish Peoples, including the territories of the x ∑m…ôŒ∏kw…ôyÃì…ôm (Musqueam), Skwxw√∫7mesh (Squamish), and S…ôlÃì√≠lw…ôta î/Selilwitulh (Tsleil-Waututh) Nations.</em></p> 
 <p>Our mission is to make a profound difference in the quality of life of one million people, by removing the financial complexity of entrepreneurship. Businesses need to understand their financial performance, but for many smaller ones, this means a trade-off between doing their books and running their businesses. </p> 
 <p>Bench solves this dilemma by taking bookkeeping off of their hands.<a href=""https://bench.co/about/""> <strong>Learn more about us on our About page.</strong></a><strong> </strong></p> 
 <p>We‚Äôre growing fast, and we‚Äôre looking for exceptional people to join us on this incredible journey. Check out our<a href=""https://bench.co/go/culture/""> culture guide</a> to learn more about what it‚Äôs like to work at Bench!</p> 
 <p><strong>What does the Data team look like?</strong></p> 
 <p>At Bench, the Data team encompasses the full gamut of business intelligence and data analytics activities. We are responsible for creating and maintaining the infrastructure that gets analysts and leadership across the company the information they need. We do this by developing and maintaining data pipelines, a data warehouse, and visualization tools, and by leading the adoption of new technology and practices to improve the lives of our data consumers. We also ensure that our data infrastructure is fit-for-purpose by using it ourselves as analysts for our Product team, and by filling any gaps in reporting and analysis that aren‚Äôt covered by analysts elsewhere in the company.</p> 
 <p><strong>What you‚Äôll get up to:</strong></p> 
 <ul> 
  <li>Listen to requests from analysts or business partners, deeply understand their needs, and translate those needs into requirements for data products</li> 
  <li>Write analytic queries that transform raw data from source systems into business facts and metrics</li> 
  <li>Review queries, scripts, and visualizations produced by other analysts to ensure consistent accuracy and quality</li> 
  <li>Apply software engineering best practices like version control and continuous integration to the analytics code base.</li> 
  <li>Produce presentations, dashboards, and self-service tools to make data accessible to and understandable by everyone at Bench</li> 
  <li>Participate in planning and prioritization of work to be done by the Data team</li> 
  <li>Protect our clients and colleagues by maintaining security and access control over our data</li> 
  <li>Learn about emerging or established data technologies and evaluate whether Bench can benefit from their adoption</li> 
 </ul> 
 <p><strong>Must haves:</strong><em> </em></p> 
 <ul> 
  <li> <strong>SQL expertise</strong>: Writing, debugging, and reviewing queries that make heavy use of analytics functionality (complex aggregations, window functions, common table expressions) and that operate on many rows of data is a daily occurrence in this role.</li> 
  <li> <strong>Data visualization and storytelling:</strong> We create value when the things we build are being used. For us, that means translating data into useful insights using a BI tool (eg. Tableau, Power BI), or even an effective graph or dashboard in Excel/Google Sheets.</li> 
  <li> <strong>Cloud Services: </strong>Experience with cloud services used in data analytics, ideally AWS (eg. Redshift, Glue, DMS, Lambda), will enable you to operate at every stage of our data pipeline.</li> 
  <li> <strong>Proficiency with version control systems</strong>: We source-control our analytics code to ensure that metrics are consistent, no matter who pulls the data. Experience using the feature branch Git workflow model will help you understand how logic gets ‚Äúpromoted to production‚Äù.</li> 
  <li> <strong>Technical written and verbal communication</strong>: From going deep on technical details with fellow analysts, to explaining results to business partners, to forming recommendations for senior leadership, you possess effective written and verbal communication skills at a wide range of complexity and detail.</li> 
  <li> <strong>Responsibility and leadership:</strong> Our success depends on taking ownership and building trust - both among teammates and with stakeholders. To maintain that trust, we expect each other to make commitments, to keep those commitments, and to hold ourselves to account for those commitments.</li> 
  <li> <strong>Curiosity, mentorship and a drive to learn: </strong>We become better analysts and technologists through continuous learning and by teaching others what we know. Fostering growth is what we do here, in ourselves and in our colleagues. You are as committed to your own growth as that of your team.</li> 
 </ul> 
 <p><strong>Nice to haves:</strong></p> 
 <ul> 
  <li>Exposure to workflow orchestration tools (eg. Airflow, Prefect, Luigi)</li> 
  <li>Experience with dbt Core / Cloud</li> 
  <li>Familiarity with Agile/Scrum methodologies</li> 
  <li>Previous experience in SaaS growth, product, or marketing analytics</li> 
  <li>Experience with functional scripting languages (e.g. Python, R, JS)</li> 
 </ul> 
 <p><strong>What you'll get:</strong></p> 
 <ul> 
  <li><span>At Bench we share information freely and openly whenever possible. The salary range for this role is $109,680 - $137,100 per year, depending on experience.</span></li> 
  <li> <span>In addition, we offer an extended benefits package that includes paid vacation, paid flex days, </span><span>stock options</span><span> and full health, dental, and vision. </span> </li> 
  <li> <span>You‚Äôll get access to</span><span> </span><a href=""https://inkblottherapy.com/bench""><span>Inkblot Therapy</span></a><span>‚Äôs </span><span> Employee and Family Assistance Program (EAP) that offers counseling and support, for you and family members, as well as professional development coaching, financial advice, legal advice and much more.</span> </li> 
  <li><span>Bench has a number of Affinity Groups - groups of people who have shared identities and experiences! The purpose of these groups is to support underrepresented Benchmates and amplify their voices.</span></li> 
  <li><span>If you live in BC‚Äôs Lower Mainland, you have the opportunity to work at home and in our downtown office location, depending on your preference! </span></li> 
  <li><span>For folks working fully remote, we will provide additional solutions to bring teams together for collaboration and connection.</span></li> 
  <li><span>Whether you get to use the office or if you work remotely, you‚Äôll have access to our Home Office Setup Fund to ensure that you have everything you need to work comfortably from home, from day one.</span></li> 
  <li><span>You‚Äôll have the opportunity to work from somewhere other than your home province for up to 3 months, within a 12 month period.</span></li> 
 </ul> 
 <p><em><span>Everyone has their own unique talents. Even if you don‚Äôt meet 100% of the qualifications outlined above, tell us why you‚Äôd be a great fit for this role in your application.</span></em></p> 
 <p><span><em>We believe that unchecked biases disproportionately impact the most marginalized people in society‚Äîincluding but not limited to BIPOC, LGBTQ2S+ people, immigrants, and people with disabilities. We strongly encourage applications from people with these identities or other marginalized communities because we believe that without you, we are all less. If you are selected for an interview and require support during the process, including disability accommodation, we'll give you the opportunity to tell us when we contact you.</em><em><br></em></span></p>
</div>","[IT, Design]","https://cdn.filestackcontent.com/output=f:webp,t:true,q:80,c:true/cache=expiry:max/resize=w:340/A2wIvDhoTtiHcywwh8a2","Canada; Remote","Data Architect","Bench","Finance, Professional Services, 201 - 1000, Series C+, "
"2024-01-18","10","https://jobs.techstars.com/companies/sendbird?filter=eyJqb2JfZnVuY3Rpb25zIjpbIklUIiwiRGVzaWduIl0sInBvc3RlZEF0U29ydGluZyI6ImFueSIsImFsZyI6IkhTMjU2IiwidHlwIjoiSldUIn0#content","https://jobs.techstars.com/companies/sendbird/jobs/33288875-brand-designer-web-designer#content","<div data-testid=""careerPage"">
 <p><strong>Ïó≠Ìï† Î∞è Ï±ÖÏûÑ</strong></p> 
 <ul> 
  <li>ÏÇ¨Ïö©Ïûê Í¥ÄÏ†êÏóê ÏûÖÍ∞ÅÌïú ÏõπÏÇ¨Ïù¥Ìä∏ ÎîîÏûêÏù∏ÏùÑ ÌÜµÌï¥ ÏÇ¨Ïö©Ïûê Í≤ΩÌóòÏùÑ Ìñ•ÏÉÅ</li> 
  <li>ÏÑºÎìúÎ≤ÑÎìú Î∏åÎûúÎìúÏóê Í∏∞Î∞òÌïú ÎîîÏûêÏù∏ ÏÜîÎ£®ÏÖò Î∞è ÎπÑÏ£ºÏñº Í∞úÎ∞ú</li> 
 </ul> 
 <p> </p> 
 <p><strong>ÌïµÏã¨ ÏûêÍ≤©ÏöîÍ±¥</strong></p> 
 <ul> 
  <li>4ÎÖÑ Ïù¥ÏÉÅ Ìï¥Îãπ ÏóÖÎ¨¥ Í≤ΩÎ†•Ïù¥ ÏûàÏúºÏã† Î∂Ñ</li> 
  <li>Figma Ìà¥ ÏÇ¨Ïö©Ïóê Îä•ÏàôÌïòÏã† Î∂Ñ</li> 
  <li>BX Î∞è UX/UI Í¥ÄÎ†® Ïú†Í¥ÄÎ∂ÄÏÑúÏôÄÏùò ÌòëÏóÖÏùÑ ÌÜµÌïú Î¨∏Ï†ú Ìï¥Í≤∞ Îä•Î†•Ïù¥ ÏûàÏúºÏã† Î∂Ñ</li> 
  <li>B2B ÏÑúÎπÑÏä§Ïóê ÎåÄÌïú Ïù¥Ìï¥ÎèÑÎ•º Î∞îÌÉïÏúºÎ°ú Ìïú ÎîîÏûêÏù∏ Îä•Î†•ÏùÑ Î≥¥Ïú†ÌïòÏã† Î∂Ñ</li> 
  <li>Web UIÏóê ÎåÄÌïú ÎÜíÏùÄ Ïù¥Ìï¥ÎèÑÎ•º Í∞ÄÏßÄÍ≥† ÏûàÏúºÏã† Î∂Ñ</li> 
  <li>Web UI, Ï†úÌíà Î™©ÏóÖÏóê ÌïÑÏöîÌïú Asset Í∞úÏÑ† Î∞è Ï†úÏûë Í≤ΩÌóòÏù¥ ÏûàÏúºÏã† Î∂Ñ</li> 
  <li><strong>ÏÑúÎ•ò Ï†ÑÌòï Ï†ëÏàòÌï¥ Ï£ºÏã§ Îïå ÎîîÏûêÏù∏ Ìè¨Ìä∏Ìè¥Î¶¨Ïò§ Ï†úÏ∂úÏùÄ ÌïÑÏàòÏûÖÎãàÎã§.</strong></li> 
 </ul> 
 <p> </p> 
 <p><strong>Ïö∞ÎåÄ ÏÇ¨Ìï≠</strong></p> 
 <ul> 
  <li>ÎπÑÏ¶àÎãàÏä§ ÌòëÏóÖÏùÑ ÏúÑÌïú ÏòÅÏñ¥ Îä•Î†•</li> 
  <li>Ï†úÌíàÏùò ÌäπÏÑ±ÏùÑ Îã§ÏñëÌïú ÎπÑÏ£ºÏñº ÌòïÌÉúÎ°ú ÌëúÌòÑÏù¥ Í∞ÄÎä•ÌïòÏã† Î∂Ñ(ex. Motion, 3D)</li> 
 </ul> 
 <p> </p> 
 <p><strong>ÎîîÏûêÏù∏ ÏßÅÍµ∞ Ï†ÑÎ¨∏ Ïû•ÎπÑ Ï†úÍ≥µ</strong></p> 
 <ul> 
  <li><span>Ï†ÑÎ¨∏Í∞ÄÏö© Í≥†ÏÑ±Îä• Macbook Pro 16Ïù∏Ïπò</span></li> 
  <li><span>LG UltraFine 5K Î™®ÎãàÌÑ∞</span></li> 
 </ul> 
 <p> </p> 
 <p><strong>ÏÑºÎìúÎ≤ÑÎìúÎßåÏùò ÌäπÎ≥ÑÌïú Î≥µÏßÄÎ•º ÏÜåÍ∞úÌï¥Ïöî</strong><strong><br></strong></p> 
 <ul> 
  <li><span>1ÎÖÑÎí§Î∂ÄÌÑ∞ ÌñâÏÇ¨Í∞ÄÎä•Ìïú Ïã§Î¶¨ÏΩòÎ∞∏Î¶¨ ÏµúÍ≥† ÏàòÏ§ÄÏùò Ïä§ÌÜ°ÏòµÏÖò</span></li> 
  <li><span>ÌïòÏù¥Î∏åÎ¶¨Îìú Í∑ºÎ¨¥Ï†ú, Ïú†Ïó∞Í∑ºÎ¨¥Ï†ú</span></li> 
  <li><span>ÌîåÎ†àÏù¥Ïä§ÌÖåÏù¥ÏÖò, ÏûêÏ†ÑÍ±∞, Ïó¨Ìñâ Îì± ÏûêÏú†Î°≠Í≤å ÏÇ¨Ïö©Ìï† Ïàò ÏûàÎäî ÌòÑÍ∏àÏÑ± Ïó∞Í∞Ñ Î≥µÏßÄÌè¨Ïù∏Ìä∏ ÏïΩ 400ÎßåÏõê</span></li> 
  <li><span>Î™®ÏÖòÎç∞Ïä§ÌÅ¨, ÏùòÏûê, Î™®ÎãàÌÑ∞, ÏóêÏñ¥Ìåü Îì±Ïùò Ïû¨ÌÉù Í∑ºÎ¨¥ Î¨ºÌíà ÏßÄÏõê ÏïΩ 100ÎßåÏõê ÏÉÅÎãπ</span></li> 
  <li><span>ÏòÅÏñ¥ÌöåÌôî, Í∞ïÏùò Îì± ÏûêÏú†Î°≠Í≤å ÏàòÍ∞ïÌï† Ïàò ÏûàÎäî Ïñ¥Ìïô ÏßÄÏõêÍ∏à ÏµúÎåÄ Ïó∞Í∞Ñ 360ÎßåÏõê</span></li> 
  <li><span>Îß§Ï£º 1Ìöå Ïò§ÌîºÏä§ Îü∞Ïπò ÏßÄÏõê</span></li> 
  <li><span>Îß§Ïõî 1Ìöå ÌåÄ ÎπåÎî© ÎπÑÏö© ÏßÄÏõê</span></li> 
  <li><span>Ï∂úÌá¥Í∑º ÎπÑÏö©(ÍµêÌÜµÎπÑ) ÏùºÎ∂Ä ÏßÄÏõê</span></li> 
  <li><span>ÏÑ†Î¶â Ïò§ÌîºÏä§ Ï£ºÏ∞® Î¨¥Î£å</span></li> 
  <li><span>Î≥∏Ïù∏, Î∞∞Ïö∞Ïûê, ÏûêÎÖÄ Î™®Îëê Ìè¨Ìï®ÌïòÎäî Îã®Ï≤¥Î≥¥Ìóò ÏßÄÏõê</span></li> 
  <li><span>MRI, Ïú†Ï†ÑÏûêÍ≤ÄÏÇ¨Îì±ÏùÑ Ìè¨Ìï®Ìïú 1Ïù∏Îãπ 40ÎßåÏõê ÏÉÅÎãπÏùò Í±¥Í∞ïÍ≤ÄÏßÑ ÏßÄÏõê - Î≥∏Ïù∏ Î∞è Í∞ÄÏ°± 1Ïù∏</span></li> 
  <li><span>Î≤ïÏ†ï Ïó∞Ï∞® Ïô∏ 7Í∞úÏùò Ìú¥Í∞Ä Ï∂îÍ∞Ä ÏßÄÍ∏â (Boost leave, Birthday leave, etc)</span></li> 
  <li><span>Îß•Î∂Å ÌîÑÎ°ú Îì± ÏµúÏã† ÏóÖÎ¨¥ Í∏∞Í∏∞ ÏßÄÏõê (ÏßÅÎ¨¥Î≥Ñ ÌäπÎ≥Ñ ÏßÄÏõê ÏòµÏÖò)</span></li> 
  <li><span>Ïä§ÎÇµ, ÏùåÎ£åÏàò, ÎùºÎ©¥Ïù¥ Îß§Ïùº Í∞ÄÎìù Ï±ÑÏõåÏßÄÎäî Î¨¥Ï†úÌïú Ïä§ÎÇµÎ∞î</span></li> 
  <li><span>12Ï£º Ïú†Í∏â Ï∂úÏÇ∞ Ìú¥Í∞Ä ÏßÄÏõê (ÏóÑÎßà, ÏïÑÎπ† Î™®ÎëêÍ∞ÄÎä•)</span></li> 
  <li><span>Í∏∞ÌÉÄ Í≤ΩÏ°∞ÏÇ¨ ÏßÄÏõê ÌîÑÎ°úÍ∑∏Îû® Îì±</span></li> 
 </ul> 
 <p> </p> 
 <p><span>Í∑∏ Ïô∏ Îã§ÏñëÌïú Ïù¥Î≤§Ìä∏ÏôÄ ÏÑ†Î¨º: Ïò®ÎùºÏù∏ ÏöîÍ∞Ä, ÏºÄÏñ¥Ìå®ÌÇ§ÏßÄ, ÏÑºÎìúÎ≤ÑÎîîÏïà ÏïåÏïÑÍ∞ÄÍ∏∞ 20 Questions, Global Step Challenge, ÌÄ¥Ï¶àÏáº Îì± ÏÇ¨Îûå ÎÉÑÏÉà ÎÇòÎäî Îã§ÏñëÌïú Ïù¥Î≤§Ìä∏Î•º ÌïòÍ≥† ÏûàÏäµÎãàÎã§. ÏÑºÎìúÎ≤ÑÎìúÎßåÏùò ÌäπÎ≥ÑÌïú Î≥µÏßÄÎäî Í≥ÑÏÜçÌï¥ÏÑú Î∞úÏ†ÑÌïòÍ≥† ÏûàÏäµÎãàÎã§. </span></p> 
 <p> </p> 
 <p><strong>The Future of Work at Sendbird</strong><strong><br></strong></p> 
 <p><span>ÏÑºÎìúÎ≤ÑÎìúÎäî ÏóÖÎ¨¥ Ìö®Ïú®ÏÑ±Í≥º ÌåÄÍ∞ÑÏùò ÌòëÏóÖ Î∞è Í¥ÄÍ≥ÑÌòïÏÑ±Ïóê Î™®Îëê Ï§ëÏöîÌïú Í∞ÄÏπòÎ•º ÎëêÍ≥† ÏûàÏäµÎãàÎã§. Í∑∏ Ï∑®ÏßÄÎ°ú ÏÉàÎ°úÏõåÏßÑ Future of work Ï†úÎèÑÎ•º Ïö¥ÏòÅÌï©ÎãàÎã§. ÏµúÏ†ÅÏùò Í∑ºÎ¨¥ Ïû•ÏÜåÏôÄ ÏãúÍ∞ÑÏùÑ ÏûêÏú®Ï†ÅÏúºÎ°ú ÏÑ†ÌÉùÌïòÎ©¥ÏÑúÎèÑ, Ìï®Íªò ÏùºÌïòÎäî ÏãúÎÑàÏßÄÎ•º ÏñªÍ∏∞ ÏúÑÌï¥ Ï∂úÍ∑º Í±∞Î¶¨ 1ÏãúÍ∞Ñ Ïù¥ÎÇ¥Ïóê Í±∞Ï£ºÌïòÏãúÎäî Î∂ÑÎì§ÏùÄ Ï£º 2Ìöå Ïò§ÌîºÏä§Î°ú Ï∂úÍ∑ºÌïòÍ≤å Îê©ÎãàÎã§. Î≥∏Ïù∏Ïùò Í±∞Ï£ºÏßÄ, Í∑ºÎ¨¥ÌïòÍ≤å Îê† Ï°∞ÏßÅÏù¥ÎÇò ÏóÖÎ¨¥ ÏÑ±Í≤©Ïóê Îî∞Îùº Ï∂úÍ∑º ÎπàÎèÑÎäî ÌåÄÍ≥º ÏÉÅÏùòÌïòÏó¨ Ï†ïÌï©ÎãàÎã§.</span></p> 
 <p><span> </span></p> 
 <p><strong>ÏÑºÎìúÎ≤ÑÎìúÍ∞Ä ÏÉùÍ∞ÅÌïòÎäî Îã§ÏñëÏÑ±Í≥º Ìè¨Ïö©</strong><strong><br></strong></p> 
 <p><span>ÏúÑ ÏöîÍµ¨ÏÇ¨Ìï≠Ïóê 100% Î∂ÄÌï©ÌïòÏßÄ ÏïäÏúºÏÖîÎèÑ Í¥úÏ∞ÆÏäµÎãàÎã§. ÏÑºÎìúÎ≤ÑÎìúÎäî Î™®ÎëêÍ∞Ä Î∞∞Ïö∞Í≥† ÏÑ±Ïû•Ìï† Ïàò ÏûàÎäî Í≥≥Ïù¥Í∏∞Ïóê Îã§ÏñëÌïú Î∞∞Í≤Ω, Í≤ΩÌóò Î∞è Í∏∞Ïà† Ïä§ÌÉùÏùÑ Í∞ÄÏßÑ ÎàÑÍµ¨Îì† ÏµúÍ≥†Ïùò ÏßÅÏõêÏù¥ ÎêòÏã§ Ïàò ÏûàÎã§Í≥† ÏÉùÍ∞ÅÌï©ÎãàÎã§. Ïö∞Î¶¨Îäî ÌèâÎì±Ìïú Í≥†Ïö© Í∏∞ÌöåÎ•º ÏúÑÌï¥ Îã§ÏñëÏÑ±ÏùÑ Ï°¥Ï§ëÌïòÍ≥† Ïû•Î†§ÌïòÍ≥† ÏûàÏäµÎãàÎã§. Ïù¥ Ìè¨ÏßÄÏÖòÏù¥ Ïó¨Îü¨Î∂ÑÏùò Í∞ÄÏä¥ÏùÑ Îõ∞Í≤å ÎßåÎì†Îã§Î©¥ ÏßÄÏõêÌï¥Ï£ºÏÑ∏Ïöî!</span></p>
</div>","[IT, Design]","https://cdn.filestackcontent.com/output=f:webp,t:true,q:80,c:true/cache=expiry:max/resize=w:340/jnNpuRNmQESBXsB8C1O7","Seoul, South Korea","Brand designer (Web Designer)","Sendbird","Internet Services, Mobile, Platforms, and Apps, Software, Telecommunication, 201 - 1000, "
"2024-01-18","11","https://jobs.techstars.com/companies/gorgias-com?filter=eyJqb2JfZnVuY3Rpb25zIjpbIklUIiwiRGVzaWduIl0sInBvc3RlZEF0U29ydGluZyI6ImFueSIsImFsZyI6IkhTMjU2IiwidHlwIjoiSldUIn0#content","https://jobs.ashbyhq.com/gorgias/7d1556f6-7a12-4e08-b826-2957fa504a70?utm_source=Techstars+job+board&utm_medium=getro.com&gh_src=Techstars+job+board","NOT_FOUND","[IT, Design]","https://cdn.filestackcontent.com/output=f:webp,t:true,q:80,c:true/cache=expiry:max/resize=w:340/NJnRvTSuTQmKTRYBk4lR","New York, NY, USA","Staff Product Designer, Automate","Gorgias","Administrative Services, Commerce and Shopping, Consumer Products, Hardware, Professional Services, Software, 201 - 1000, Series C+, "
"2024-01-18","12","https://jobs.techstars.com/companies/illuminem-2?filter=eyJqb2JfZnVuY3Rpb25zIjpbIklUIiwiRGVzaWduIl0sInBvc3RlZEF0U29ydGluZyI6ImFueSIsImFsZyI6IkhTMjU2IiwidHlwIjoiSldUIn0#content","https://jobs.techstars.com/companies/illuminem-2/jobs/33283561-media-analyst#content","<div data-testid=""careerPage"">
 <div> 
  <p><strong>Media Analyst</strong></p> 
  <p><span>Do you want to be part of the </span><strong>most disruptive &amp; acclaimed startups in sustainability</strong><span>? Do you also believe in the power of knowledge to shape a better world? </span><strong>Achieve a real impact</strong><span> by joining Illuminem‚Äôs Content Curation team! Welcome onboard!</span></p> 
  <p><strong>About us &amp; our vision</strong></p> 
  <p><span>illuminem is the </span><strong>leading source of sustainability information and data</strong><span>. Over 1200 global experts (from climate ministers to international CEOs) make illuminem the world‚Äôs </span><strong>largest network in sustainability</strong><span>. It has been recently awarded as one of </span><strong>TechStar's 12 Sustainability Startups</strong><span> globally, AngelList‚Äôs </span><strong>‚ÄòTop Digital Startups' in Europe</strong><span> and Startup Italia‚Äôs </span><strong>‚ÄòLeading Innovator in Italy‚Äô</strong><span>. Together, we will launch a platform bringing radical transparency to corporate ESG action. Visit </span>https://illuminem.com/</p> 
  <p><strong>What will you do?</strong></p> 
  <ul> 
   <li> <strong>Shape Our Platform</strong><span>: Contribute to providing comprehensive sustainability information coverage by regularly posting sustainability news and writing summaries for our ‚Äò</span><strong><em>illuminem Briefings‚Äô</em></strong> </li> 
   <li> <strong>Be a part of our <em>‚Äòilluminem Voices</em>‚Äô Section: </strong><span>Engage with the best energy &amp; sustainability professionals, experts and activists in relevant fields. Foster their involvement in our projects, enriching our content with insights and articles</span> </li> 
   <li> <strong>Empower our <em>Newsletters</em>: </strong><span>Create,</span><strong> </strong><span>curate, and analyze the performance of our newsletters, delivering cutting-edge sustainability &amp; energy insights, and focusing on increasing our subscriber engagement and base</span> </li> 
   <li> <strong>Understand What Matters: </strong><span>Identify the key trends of the sector to guarantee top-notch content quality for our readers</span> </li> 
   <li> <strong>Participate in the Team</strong><span>: Join our dynamic team and make an impact across a spectrum of roles, from </span><strong><em>Content Curation</em></strong><span> to </span><strong><em>illuminem Voices</em></strong><span>. Your adaptability and willingness to assist in various capacities will be highly appreciated</span> </li> 
  </ul> 
  <p><strong>What are we looking for?</strong></p> 
  <ul> 
   <li> <strong>Reliability</strong><span>: Immediately assume key responsibilities from Day 1, evidencing your dependability and capability in essential roles</span> </li> 
   <li> <strong>Flexibility:</strong><span> Lead actions across various fronts, from daily and recurrent operations to strategic projects</span> </li> 
   <li> <strong>A Passion for the Challenge: </strong><span>How will you take Illuminem to 100,000 readers?</span> </li> 
   <li> <strong>Educational Qualifications: </strong><span>You are currently pursuing your Bachelor‚Äôs / Master's degree or have recently graduated in a business or media-related subject from a top university</span> </li> 
   <li> <strong>Sustainability Knowledge:</strong><span> Demonstrate a deep understanding and passion for sustainability in your professional approach</span> </li> 
   <li> <strong>Excellent verbal &amp; written English skills</strong><span>: Clearly and concisely communicate, distilling insights from documents and discussions with proficiency</span> </li> 
   <li> <strong>Willingness to be co-located in our Venice HQ </strong><span>(accommodation provided)</span> </li> 
   <li> <strong>Legal Work Eligibility in Italy: </strong><span>Hold a valid EU Working Permit in order to proceed for this position</span> </li> 
  </ul> 
  <p><strong>Why should you apply?</strong></p> 
  <ul> 
   <li> <strong>Have a story you will tell for life</strong><span>: Be part of the success of a high-potential venture from its launch</span> </li> 
   <li> <strong>Join a valued network</strong><span>: Join a team composed of top professionals and advised by C-level executives, gaining access to unparalleled networking, career &amp; mentoring opportunities</span> </li> 
   <li> <strong>Invest in yourself, not only on your CV</strong><span>: Learn how to launch a successful business not by reading a biography but by taking the challenge, turning everyday problems into solutions</span> </li> 
   <li> <strong>Work for a company worth your name</strong><span>: Do not compromise on your ideals, but be proud every day to achieve impact for a big cause, and simply work in an environment grounded in its values</span> </li> 
  </ul> 
  <p><span>Apply here on LinkedIn or through:</span></p> 
  <p>https://illuminem.com/contact</p> 
  <p><em>We at</em> http://illuminem.com<span> </span><em>value a diverse workforce and are committed to creating an inclusive environment for all employees. We encourage applications from individuals of all backgrounds, and are looking forward to welcoming the right person to our team.</em></p> 
 </div>
</div>","[IT, Design]","https://cdn.filestackcontent.com/output=f:webp,t:true,q:80,c:true/cache=expiry:max/resize=w:340/7x5Xfw7S1uK5W7we2Yn3","Paris, France","Media Analyst","illuminem","Content and Publishing, Energy, Media, Sustainability, 51 - 200, "
"2024-01-18","13","https://jobs.techstars.com/companies/bluecore?filter=eyJqb2JfZnVuY3Rpb25zIjpbIklUIiwiRGVzaWduIl0sInBvc3RlZEF0U29ydGluZyI6ImFueSIsImFsZyI6IkhTMjU2IiwidHlwIjoiSldUIn0#content","https://jobs.techstars.com/companies/bluecore/jobs/33272617-product-analyst#content","<div data-testid=""careerPage"">
 <div>
  <p><strong>In the minute it takes you to read this job description, Bluecore has launched over 100,000 individually personalized marketing campaigns for our retail ecommerce customers!</strong></p>
 </div>
 <p>The DataOps team empowers Bluecore‚Äôs customers and internal teams to win with data. We do that through analytics products, client-facing reporting &amp; exports, and internal BI. These are built on solid analytics engineering and data quality management.</p> 
 <p>We‚Äôre seeking an experienced analyst to help drive Bluecore‚Äôs impact at some of the world‚Äôs largest retailers. </p> 
 <p>In this role, you‚Äôll design KPIs for new products &amp; initiatives, working closely with Bluecore‚Äôs Product &amp; Strategy teams. You‚Äôll bring clarity to Bluecore‚Äôs clients through thoughtful metric design, intuitive visualization and original insights &amp; case studies. You‚Äôll develop new market-facing data/analytics products like ecommerce industry benchmarks. </p> 
 <p>We‚Äôre looking for someone who is excited to be a leader in Bluecore‚Äôs data driven culture, has deep technical chops, and is passionate about building great data products. The right person for this role thrives working with senior leaders to define &amp; build a high-impact analytics roadmap. </p> 
 <p><strong>Responsibilities</strong></p> 
 <ul> 
  <li>Design metrics and reporting to quantify Bluecore‚Äôs value to our clients, especially around ecomm metrics in identification and shopper engagement.</li> 
  <li>Develop benchmarks &amp; other metrics used in thought leadership reports, in partnership with our Marketing team. </li> 
  <li>Translate needs from business and product stakeholders to analytics outputs; collaborate with our analytics engineers to design underlying data warehouse models.</li> 
  <li>Utilize SQL &amp; Python (in Hex) to build new analyses and expand existing ones.</li> 
  <li>Enable Product &amp; business teams to use data to support our customers through data app development, user training/onboarding, and documentation. </li> 
  <li>Support scale-out of an accurate and comprehensive single source of truth through rigorous metric design &amp; analysis, excellent communications &amp; documentation, and adherence to data ops best practices. </li> 
  <li>Actively communicate findings to stakeholders across the org, including Product, GTM and Engineering. </li> 
 </ul> 
 <p> </p> 
 <p>The DataOps team empowers Bluecore‚Äôs customers and internal teams to win with data. We do that through analytics products, client-facing reporting &amp; exports, and internal BI. These are built on solid analytics engineering and data quality management.<br><br></p> 
 <p>We‚Äôre seeking an experienced analyst to help drive Bluecore‚Äôs impact at some of the world‚Äôs largest retailers. </p> 
 <p> </p> 
 <p>In this role, you‚Äôll design KPIs for new products &amp; initiatives, working closely with Bluecore‚Äôs Product &amp; Strategy teams. You‚Äôll bring clarity to Bluecore‚Äôs clients through thoughtful metric design, intuitive visualization and original insights &amp; case studies. You‚Äôll develop new market-facing data/analytics products like ecommerce industry benchmarks. </p> 
 <p> </p> 
 <p>We‚Äôre looking for someone who is excited to be a leader in Bluecore‚Äôs data driven culture, has deep technical chops, and is passionate about building great data products. The right person for this role thrives working with senior leaders to define &amp; build a high-impact analytics roadmap. </p> 
 <p> </p> 
 <p>Responsibilities</p> 
 <ul> 
  <li>Design metrics and reporting to quantify Bluecore‚Äôs value to our clients, especially around ecomm metrics in identification and shopper engagement.</li> 
  <li>Develop benchmarks &amp; other metrics used in thought leadership reports, in partnership with our Marketing team. </li> 
  <li>Translate needs from business and product stakeholders to analytics outputs; collaborate with our analytics engineers to design underlying data warehouse models.</li> 
  <li>Utilize SQL &amp; Python (in Hex) to build new analyses and expand existing ones.</li> 
  <li>Enable Product &amp; business teams to use data to support our customers through data app development, user training/onboarding, and documentation. </li> 
  <li>Support scale-out of an accurate and comprehensive single source of truth through rigorous metric design &amp; analysis, excellent communications &amp; documentation, and adherence to data ops best practices. </li> 
  <li>Actively communicate findings to stakeholders across the org, including Product, GTM and Engineering. </li> 
 </ul> 
 <p> </p> 
 <p><strong>Qualifications</strong></p> 
 <ul> 
  <li>Clear and direct communication skills about complex, analytical/technical topics, including excellent data storytelling &amp; visualization</li> 
  <li>Experience designing and reporting on metrics in retail analytics, ecommerce and/or digital marketing strongly preferred</li> 
  <li>Experience scoping &amp; developing client-facing, production analytics products (data apps, reporting/analytics UI, export models), partnering with PMs and business counterparts</li> 
  <li>5+ years experience in a data analyst, data science, product analytics, or business intelligence role</li> 
  <li>Experience with dbt, GitHub/code reviews, and data ops best practices strongly preferred. </li> 
  <li>3+ years experience with Jupyter Notebooks or Hex </li> 
  <li>3+ years working in SQL, including advanced functions</li> 
  <li>2+ years of regular work in Python, including popular packages </li> 
  <li>Experience working with analytics engineers / data engineers to design data requirements for analytics use cases preferred</li> 
  <li>Experience using a dimensional data warehouse (i.e., fact, dimension &amp; mart models) to derive insights &amp; create standardized reporting<br><br> </li> 
 </ul> 
 <p><strong>Tools in our stack</strong></p> 
 <ul> 
  <li>Hex</li> 
  <li>BigQuery</li> 
  <li>dbt</li> 
  <li>Looker</li> 
  <li>Fivetran</li> 
  <li>Metaplane</li> 
  <li>Hightouch</li> 
 </ul> 
 <div>
  <span><strong>Salary Range:</strong></span>
 </div> 
 <div> 
 </div> 
 <div>
  <span><strong>$115,000 - $135,000 base salary</strong><br><br>Our salary ranges are based on paying competitively for our size and industry. Salary is just one part of our total compensation package that includes equity, perks &amp; benefits, and development opportunities at Bluecore. Individual pay decisions are based on several factors, including qualifications for the role, experience level, skillset, geography, and balancing internal equity relative to other Bluecorians. We expect that the majority of candidates who are offered roles at Bluecore to land well within our salary ranges based on these factors.</span>
 </div>
 <div> 
  <div> 
   <p><strong>More About Us:</strong></p> 
   <p><em><span>Bluecore </span></em><em><span>is a </span></em><a href=""https://www.bluecore.com/platform/""><em><span>multi-channel personalization platform</span></em></a> <em><span>that gives retailers a competitive advantage in a digital-first world. Unlike systems built for mass marketing and a physical-first world, Bluecore unifies shopper and product data in a single platform, and using easy-to-deploy predictive models, activates welcomed one-to-one experiences at the speed and scale of digital. Through Bluecore‚Äôs dynamic shopper and product matching, brands can personalize 100% of communications delivered to consumers through their shopping experiences, anywhere</span></em><em><span>.</span></em></p> 
   <p><em><span>This comes to life in three core product lines:</span></em></p> 
   <ul> 
    <li> <a href=""https://www.bluecore.com/communicate/""><em><span>Bluecore Communicate‚Ñ¢</span></em></a><em><span> a modern email service provider (ESP) + SMS</span></em> </li> 
   </ul> 
   <ul> 
    <li> <a href=""https://www.bluecore.com/site/""><em><span>Bluecore Site‚Ñ¢</span></em></a><em><span> an onsite capture and personalization product</span></em> </li> 
   </ul> 
   <ul> 
    <li> <a href=""https://www.bluecore.com/advertise/""><em><span>Bluecore </span></em><em><span>Advertise‚Ñ¢</span></em></a><em><span> a paid media product</span></em> </li> 
   </ul> 
   <p><em><span>Bluecore </span></em><em><span>is credited with increasing lifetime value of shoppers and overall speed to marketing for more than 400 brands, including Express, Tommy Hilfiger, The North Face, Teleflora and Bass Pro Shops. </span></em><em><span>We have been recognized as one of the Best Places to Work by Fortune, Crain's, Forbes and BuiltIn as well as ranked on the Inc. 5000, the most prestigious ranking of the nation‚Äôs fastest-growing private companies.</span></em></p> 
  </div> 
  <div> 
  </div> 
  <div>
   <em>We are proud of the culture of flexibility, inclusivity and trust that we have built around our workforce. We are a remote first organization with the option to potentially work in our New York headquarters on occasion moving forward. We love the opportunity to come together ‚Äì but employees will always have the option on where they work best. </em>
  </div> 
  <div> 
   <div> 
   </div> 
   <div>
    <em>At Bluecore we believe in encouraging an inclusive environment in which employees feel encouraged to share their unique perspectives, demonstrate their strengths, and act authentically. We know that diverse teams are strong teams, and welcome those from all backgrounds and varying experiences. Bluecore is a proud equal opportunity employer. We are committed to fair hiring practices and to building a welcoming environment for all team members. All qualified applicants will receive consideration for employment without regard to race, color, religion, gender, gender identity or expression, sexual orientation, national origin, disability, age, familial status or veteran status. </em>
   </div> 
   <div> 
   </div> 
   <div>
    <em>We will ensure that individuals with disabilities are provided reasonable accommodation to participate in the job application or interview process, to perform essential job functions, and to receive other benefits and privileges of employment. Please contact us to request accommodation.</em>
   </div> 
  </div> 
 </div>
</div>","[IT, Design]","https://cdn.filestackcontent.com/output=f:webp,t:true,q:80,c:true/cache=expiry:max/resize=w:340/jJaxJB5rQnWpVYlGRjXs","United States; Remote","Product Analyst","Bluecore","Advertising, Commerce and Shopping, Data and Analytics, DeepTech, Sales and Marketing, Software, 201 - 1000, Series C+, "
"2024-01-18","14","https://jobs.techstars.com/companies/pixxel-2?filter=eyJqb2JfZnVuY3Rpb25zIjpbIklUIiwiRGVzaWduIl0sInBvc3RlZEF0U29ydGluZyI6ImFueSIsImFsZyI6IkhTMjU2IiwidHlwIjoiSldUIn0#content","https://pixxel.bamboohr.com/careers/156?utm_source=Techstars+job+board&utm_medium=getro.com&gh_src=Techstars+job+board","NOT_FOUND","[IT, Design]","https://cdn.filestackcontent.com/output=f:webp,t:true,q:80,c:true/cache=expiry:max/resize=w:340/yO0YY1nURba4adDvjqAj","Bengaluru, Karnataka, India","UI/UX Designer","Pixxel","Data and Analytics, DeepTech, Hardware, Transportation, 51 - 200, Series B, "
"2024-01-19","15","https://jobs.techstars.com/companies/peakmetrics-2?filter=eyJqb2JfZnVuY3Rpb25zIjpbIklUIiwiRGVzaWduIl0sInBvc3RlZEF0U29ydGluZyI6ImFueSIsImFsZyI6IkhTMjU2IiwidHlwIjoiSldUIn0#content","https://wellfound.com/company/peakmetricsapp/jobs/2900589-senior-intelligence-analyst?utm_source=Techstars+job+board&utm_medium=getro.com&gh_src=Techstars+job+board","NOT_FOUND","[IT, Design]","https://cdn.filestackcontent.com/output=f:webp,t:true,q:80,c:true/cache=expiry:max/resize=w:340/Ua5N0ZdmT1WQejDZO0PS","Remote; Los Angeles, CA, USA","Senior Intelligence Analyst","PeakMetrics","Data and Analytics, DeepTech, Sales and Marketing, Security, Software, 11 - 50, "
"2024-01-19","16","https://jobs.techstars.com/companies/sendbird?filter=eyJqb2JfZnVuY3Rpb25zIjpbIklUIiwiRGVzaWduIl0sInBvc3RlZEF0U29ydGluZyI6ImFueSIsImFsZyI6IkhTMjU2IiwidHlwIjoiSldUIn0#content","https://jobs.techstars.com/companies/sendbird/jobs/33343317-solutions-architect-pre-and-post-sales#content","<div data-testid=""careerPage"">
 <p><span>Sendbird has an exciting opportunity to join our company in the role of Solution Architect. </span></p> 
 <p><span>The Sendbird Solution Architect acts as a technical and product advisor to current customers and prospective clients. This role is responsible for architecting solutions with Sendbird services which meet customer demands while applying Sendbird best practices. Our Solutions Architects are involved in both pre sales as well as post sales activities. In this role, you will collaborate across sales, customer success and product groups to deliver innovative, flexible, and scalable solutions to our customers - some of the most notable brands in the world. </span><span>The ideal candidate should be comfortable speaking with developers, product managers and C-level executives in the customers‚Äô organization. You should have at<br>least two years of software engineering experience in front end, mobile or backend technologies. This role reports into the Solutions Architect Manager for the APAC region.</span></p> 
 <p><strong>What you will do</strong></p> 
 <ul> 
  <li><span>Partner with Sales - You will partner with Account Executives to advise new prospects on Sendbird's product from a technical perspective as well as design tailored solutions that best fit the prospect's needs</span></li> 
  <li><span>Design and deliver presentations and demos - You will create customized presentations and demonstrations tailored to your audience. Preferably, you will have the ability to tell a compelling story that balances technical detail, features, and benefits in alignment to the customer's business goals</span></li> 
  <li>Work toward customer success - You will work with our Customer Success and Sales teams to educate customers on how to best use Sendbird </li> 
  <li><span>Lead technical implementation projects - You will own full implementation cycle responsibility for enterprise companies fro technical kick-off call to Go Live. You will also lead implementation design, consulting with customers on technical and UI design to architect efficient and scalable solutions</span></li> 
  <li><span>Build vertical solutions - You will build tools and vertical solutions with SendBird for customers as the need arises such as third-party integrations</span></li> 
  <li><span>Respond to security inquiries - Security is extremely important to Sendbird and our customers. You will help articulate our security story and lead security review responses. This includes speaking about conformance with security and compliance frameworks including HIPPA, SOC2, and ISO-27001</span></li> 
  <li><span>Contribute to RFP/RFI responses - You will work with and lead cross functional teams to prepare robust responses which help us win deals</span></li> 
  <li><span>Gather product feedback - Provide customer feedback to product teams and work together to close product feature gaps</span></li> 
  <li><span>Write technical resources - Write blog posts, tutorials, and documentation to make the adoption of SendBird more accessible to developers</span></li> 
  <li><span>Coordinate projects - Help manage projects with multiple stakeholders, both internal or external, to ensure timely and successful launches of SendBird integration</span></li> 
  <li><span>Become a domain expert - Follow the latest trends and features in the chat domain. Act as a trusted advisor for our customers when it comes to best practices for implementing chat</span></li> 
 </ul> 
 <p><strong>Who you are</strong></p> 
 <ul> 
  <li>Highly skilled at applying consultative methodologies and solving integration pain points while architecting features to answer business demands</li> 
  <li>Able to manage multiple projects running on parallel timelines and to work collaboratively in a globally distributed environment</li> 
  <li>Passionate about technology, customer service, and helping others</li> 
  <li>Creative thinker and experienced at understanding client's pain points</li> 
  <li>Excellent communicator both orally and written</li> 
  <li>Empathetic towards customer needs</li> 
  <li>Able to learn new technologies with an eye for good UX design</li> 
  <li>Able to travel, as necessary, to visit customers (up to 20% travel time)</li> 
 </ul> 
 <p><strong>What you bring to the table</strong></p> 
 <ul> 
  <li><span>BS in Information Systems, Engineering, or related field</span></li> 
  <li><span>3+ years of hands-on implementation and Solutions Architect experience, OR 2+ years experience as a Solutions/Pre Sales architect, OR 2+ years professional experience as a full-stack engineer</span></li> 
  <li><span>Proven experience to read, debug, and understand web applications and complex systems</span></li> 
  <li><span>Detailed knowledge of HTTP methods for RESTful Services (Post, Get, Put, Delet)</span></li> 
  <li><span>Working knowledge of web integration including iframes, widgets, SDK, Single Sign On, APIs and other SaaS technologies </span></li> 
  <li><span>Programming experience with at least one programming language, such as JavaScript, Swift, Objective C, Java, Kotlin, or C#</span></li> 
  <li><span>Excellent oral and written communication skills including strong empathy for both customer needs and collaboration with cross functional teams</span></li> 
  <li><span>Experience in at least one web or mobile platform such as iOS, Android, React Native, React, or Angular</span></li> 
  <li><span>Debug and troubleshoot complex systems in web servers, applications, databases and mobile devices</span></li> 
  <li><span>Ability to guide a good UX design on customer‚Äôs chat implementation will be a plus</span></li> 
 </ul> 
 <p><strong>Helpful if you also have the following experiences</strong></p> 
 <ul> 
  <li>Familiarity with Salesforce Service Cloud or similar ticketing system</li> 
  <li>Frontend and backend software development experience </li> 
  <li>Active member of developer communities (Reddit, Stack Overflow, Hackernews, Stackshare)</li> 
  <li>In tune with overall industry and application trends</li> 
 </ul> 
 <p><strong>ÏÑºÎìúÎ≤ÑÎìúÎßåÏùò ÌäπÎ≥ÑÌïú Î≥µÏßÄÎ•º ÏÜåÍ∞úÌï¥Ïöî</strong><strong><br></strong></p> 
 <ul> 
  <li>1ÎÖÑÎí§Î∂ÄÌÑ∞ ÌñâÏÇ¨Í∞ÄÎä•Ìïú Ïã§Î¶¨ÏΩòÎ∞∏Î¶¨ ÏµúÍ≥† ÏàòÏ§ÄÏùò Ïä§ÌÜ°ÏòµÏÖò</li> 
  <li>ÏûêÏú†Î°úÏö¥ Ïû¨ÌÉùÍ∑ºÎ¨¥Ï†ú, Ïú†Ïó∞Í∑ºÎ¨¥Ï†ú</li> 
  <li>ÌîåÎ†àÏù¥Ïä§ÌÖåÏù¥ÏÖò, ÏûêÏ†ÑÍ±∞, Ïó¨Ìñâ Îì± ÏûêÏú†Î°≠Í≤å ÏÇ¨Ïö©Ìï† Ïàò ÏûàÎäî ÌòÑÍ∏àÏÑ± Ïó∞Í∞Ñ Î≥µÏßÄÌè¨Ïù∏Ìä∏ ÏïΩ 400ÎßåÏõê</li> 
  <li>Î™®ÏÖòÎç∞Ïä§ÌÅ¨, ÏùòÏûê, Î™®ÎãàÌÑ∞, ÏóêÏñ¥Ìåü Îì±Ïùò Ïû¨ÌÉù Í∑ºÎ¨¥ Î¨ºÌíà ÏßÄÏõê ÏïΩ 100ÎßåÏõê ÏÉÅÎãπ</li> 
  <li>ÏòÅÏñ¥ÌöåÌôî, Í∞ïÏùò Îì± ÏûêÏú†Î°≠Í≤å ÏàòÍ∞ïÌï† Ïàò ÏûàÎäî Ïñ¥Ìïô ÏßÄÏõêÍ∏à ÏµúÎåÄ Ïó∞Í∞Ñ 360ÎßåÏõê</li> 
  <li>Îß§Ï£º 1Ìöå Ïò§ÌîºÏä§ Îü∞Ïπò ÏßÄÏõê</li> 
  <li>Îß§Ïõî 1Ìöå ÌåÄ ÎπåÎî© ÎπÑÏö© ÏßÄÏõê</li> 
  <li>Ï∂úÌá¥Í∑º ÎπÑÏö©(ÍµêÌÜµÎπÑ) ÏùºÎ∂Ä ÏßÄÏõê</li> 
  <li>ÏÑ†Î¶â Ïò§ÌîºÏä§ Ï£ºÏ∞® Î¨¥Î£å</li> 
  <li>Î≥∏Ïù∏, Î∞∞Ïö∞Ïûê, ÏûêÎÖÄ Î™®Îëê Ìè¨Ìï®ÌïòÎäî Îã®Ï≤¥Î≥¥Ìóò ÏßÄÏõê</li> 
  <li>MRI, Ïú†Ï†ÑÏûêÍ≤ÄÏÇ¨Îì±ÏùÑ Ìè¨Ìï®Ìïú 1Ïù∏Îãπ 40ÎßåÏõê ÏÉÅÎãπÏùò Í±¥Í∞ïÍ≤ÄÏßÑ ÏßÄÏõê - Î≥∏Ïù∏ Î∞è Í∞ÄÏ°± 1Ïù∏</li> 
  <li>Î≤ïÏ†ï Ïó∞Ï∞® Ïô∏ 7Í∞úÏùò Ìú¥Í∞Ä Ï∂îÍ∞Ä ÏßÄÍ∏â (Boost leave, Birthday leave, etc)</li> 
  <li>Îß•Î∂Å ÌîÑÎ°ú Îì± ÏµúÏã† ÏóÖÎ¨¥ Í∏∞Í∏∞ ÏßÄÏõê (ÏßÅÎ¨¥Î≥Ñ ÌäπÎ≥Ñ ÏßÄÏõê ÏòµÏÖò)</li> 
  <li>Ïä§ÎÇµ, ÏùåÎ£åÏàò, ÎùºÎ©¥Ïù¥ Îß§Ïùº Í∞ÄÎìù Ï±ÑÏõåÏßÄÎäî Î¨¥Ï†úÌïú Ïä§ÎÇµÎ∞î</li> 
  <li>12Ï£º Ïú†Í∏â Ï∂úÏÇ∞ Ìú¥Í∞Ä ÏßÄÏõê (ÏóÑÎßà, ÏïÑÎπ† Î™®ÎëêÍ∞ÄÎä•)</li> 
  <li>Í∏∞ÌÉÄ Í≤ΩÏ°∞ÏÇ¨ ÏßÄÏõê ÌîÑÎ°úÍ∑∏Îû® Îì±</li> 
 </ul> 
 <p><strong>The Future of Work at Sendbird</strong><strong><br><br></strong></p> 
 <p>ÏÑºÎìúÎ≤ÑÎìúÎäî ÏóÖÎ¨¥ Ìö®Ïú®ÏÑ±Í≥º ÌåÄÍ∞ÑÏùò ÌòëÏóÖ Î∞è Í¥ÄÍ≥ÑÌòïÏÑ±Ïóê Î™®Îëê Ï§ëÏöîÌïú Í∞ÄÏπòÎ•º ÎëêÍ≥† ÏûàÏäµÎãàÎã§. Í∑∏ Ï∑®ÏßÄÎ°ú ÏÉàÎ°úÏõåÏßÑ Future of work Ï†úÎèÑÎ•º Ïö¥ÏòÅÌï©ÎãàÎã§. ÏµúÏ†ÅÏùò Í∑ºÎ¨¥ Ïû•ÏÜåÏôÄ ÏãúÍ∞ÑÏùÑ ÏûêÏú®Ï†ÅÏúºÎ°ú ÏÑ†ÌÉùÌïòÎ©¥ÏÑúÎèÑ, Ìï®Íªò ÏùºÌïòÎäî ÏãúÎÑàÏßÄÎ•º ÏñªÍ∏∞ ÏúÑÌï¥ Ï∂úÍ∑º Í±∞Î¶¨ 1ÏãúÍ∞Ñ Ïù¥ÎÇ¥Ïóê Í±∞Ï£ºÌïòÏãúÎäî Î∂ÑÎì§ÏùÄ Ï£º 2Ìöå Ïò§ÌîºÏä§Î°ú Ï∂úÍ∑ºÌïòÍ≤å Îê©ÎãàÎã§. Î≥∏Ïù∏Ïùò Í±∞Ï£ºÏßÄ, Í∑ºÎ¨¥ÌïòÍ≤å Îê† Ï°∞ÏßÅÏù¥ÎÇò ÏóÖÎ¨¥ ÏÑ±Í≤©Ïóê Îî∞Îùº Ï∂úÍ∑º ÎπàÎèÑÎäî ÌåÄÍ≥º ÏÉÅÏùòÌïòÏó¨ Ï†ïÌï©ÎãàÎã§.</p> 
 <p><strong>ÏÑºÎìúÎ≤ÑÎìúÍ∞Ä ÏÉùÍ∞ÅÌïòÎäî Îã§ÏñëÏÑ±Í≥º Ìè¨Ïö©</strong><strong><br><br></strong></p> 
 <p>ÏúÑ ÏöîÍµ¨ÏÇ¨Ìï≠Ïóê 100% Î∂ÄÌï©ÌïòÏßÄ ÏïäÏúºÏÖîÎèÑ Í¥úÏ∞ÆÏäµÎãàÎã§. ÏÑºÎìúÎ≤ÑÎìúÎäî Î™®ÎëêÍ∞Ä Î∞∞Ïö∞Í≥† ÏÑ±Ïû•Ìï† Ïàò ÏûàÎäî Í≥≥Ïù¥Í∏∞Ïóê Îã§ÏñëÌïú Î∞∞Í≤Ω, Í≤ΩÌóò Î∞è Í∏∞Ïà† Ïä§ÌÉùÏùÑ Í∞ÄÏßÑ ÎàÑÍµ¨Îì† ÏµúÍ≥†Ïùò ÏßÅÏõêÏù¥ ÎêòÏã§ Ïàò ÏûàÎã§Í≥† ÏÉùÍ∞ÅÌï©ÎãàÎã§. Ïö∞Î¶¨Îäî ÌèâÎì±Ìïú Í≥†Ïö© Í∏∞ÌöåÎ•º ÏúÑÌï¥ Îã§ÏñëÏÑ±ÏùÑ Ï°¥Ï§ëÌïòÍ≥† Ïû•Î†§ÌïòÍ≥† ÏûàÏäµÎãàÎã§. Ïù¥ Ìè¨ÏßÄÏÖòÏù¥ Ïó¨Îü¨Î∂ÑÏùò Í∞ÄÏä¥ÏùÑ Îõ∞Í≤å ÎßåÎì†Îã§Î©¥ ÏßÄÏõêÌï¥Ï£ºÏÑ∏Ïöî!</p>
</div>","[IT, Design]","https://cdn.filestackcontent.com/output=f:webp,t:true,q:80,c:true/cache=expiry:max/resize=w:340/jnNpuRNmQESBXsB8C1O7","Seoul, South Korea","Solutions Architect (Pre and Post Sales)","Sendbird","Internet Services, Mobile, Platforms, and Apps, Software, Telecommunication, 201 - 1000, "
"2024-01-19","17","https://jobs.techstars.com/companies/vanhack?filter=eyJqb2JfZnVuY3Rpb25zIjpbIklUIiwiRGVzaWduIl0sInBvc3RlZEF0U29ydGluZyI6ImFueSIsImFsZyI6IkhTMjU2IiwidHlwIjoiSldUIn0#content","https://vanhack.com/job/9033?utm_source=Techstars+job+board&utm_medium=getro.com&gh_src=Techstars+job+board","NOT_FOUND","[IT, Design]","https://cdn.filestackcontent.com/output=f:webp,t:true,q:80,c:true/cache=expiry:max/resize=w:340/4Pi65zwgR46BW1qPsy9S","NOT FOUND","Solutions Architect (Latam)","VanHack","HR and Recruiting, Internet Services, Professional Services, Software, 51 - 200, "
"2024-01-20","18","https://jobs.techstars.com/companies/branching-minds?filter=eyJqb2JfZnVuY3Rpb25zIjpbIklUIiwiRGVzaWduIl0sInBvc3RlZEF0U29ydGluZyI6ImFueSIsImFsZyI6IkhTMjU2IiwidHlwIjoiSldUIn0#content","https://apply.workable.com/branchingminds/j/7B7434C746?utm_source=Techstars+job+board&utm_medium=getro.com&gh_src=Techstars+job+board","NOT_FOUND","[IT, Design]","https://cdn.filestackcontent.com/output=f:webp,t:true,q:80,c:true/cache=expiry:max/resize=w:340/hjCKKS8SBCTuRUUclKaH","United States","Sr. Information Technology Engineer (Fully Remote)","Branching Minds","Biotechnology, Community and Lifestyle, DeepTech, Education, Health, HR and Recruiting, Software, 51 - 200, "
"2024-01-20","19","https://jobs.techstars.com/companies/contently?filter=eyJqb2JfZnVuY3Rpb25zIjpbIklUIiwiRGVzaWduIl0sInBvc3RlZEF0U29ydGluZyI6ImFueSIsImFsZyI6IkhTMjU2IiwidHlwIjoiSldUIn0#content","https://contently.com/careers/brand-design-manager-3/?utm_source=Techstars+job+board&utm_medium=getro.com&gh_src=Techstars+job+board","NOT_FOUND","[IT, Design]","https://cdn.filestackcontent.com/output=f:webp,t:true,q:80,c:true/cache=expiry:max/resize=w:340/uXdUBCkQc6lBm1bLklk6","Remote","Brand Design Manager","Contently","Advertising, Data and Analytics, Media, Sales and Marketing, Software, 51 - 200, Series C+, "
"2024-01-21","20","https://jobs.techstars.com/companies/stackease?filter=eyJqb2JfZnVuY3Rpb25zIjpbIklUIiwiRGVzaWduIl0sInBvc3RlZEF0U29ydGluZyI6ImFueSIsImFsZyI6IkhTMjU2IiwidHlwIjoiSldUIn0#content","https://jobs.techstars.com/companies/stackease/jobs/33382947-quantitative-analyst-machine-learning-intern#content","<div data-testid=""careerPage"">
 <div> 
  <p><strong>Context:</strong></p> 
  <p>Developing renewable energy requires the ability to store its production and develop ways to stabilize the electrical grid. Stationary storage batteries have become affordable and they address these problems, but their operation is not so simple.</p> 
  <p>A battery has access to many sources of revenue, each with its own characteristics. Taken separately, no revenue can ensure long-term economic profitability on its own. Taken together, they guarantee stable revenues and rapid battery development.</p> 
  <p>We are developing trading and optimization algorithms to combine battery revenue sources and increase their lifespan. It is like an autopilot that defines in real time the actions that the battery must take on the markets.</p> 
  <p><strong>About us:</strong>StackEase is a deeptech spinoff from INRIA (National Institute for Research in Computer Science and Automation). The startup was founded in August 2023 and has secured initial funding. Its members are located in Paris and Marseille.</p> 
  <p>Our values are innovation, merit, customer satisfaction, and sustainability. StackEase's raison d'√™tre is to apply advances in machine learning to the energy transition.</p> 
  <p><strong>Missions</strong></p> 
  <ul> 
   <li>Develop prediction tools for electricity market prices through supervised learning</li> 
   <li>Develop Reinforcement Learning based trading and optimisation algorithms for grid-scale battery profit optimisation</li> 
   <li>Develop automated unit tests and non regression tests</li> 
   <li>Validate and document results on real case scenarios</li> 
   <li>Participate in real-life test campaign</li> 
   <li>Support the algorithms deployment on the cloud</li> 
  </ul> 
  <p><strong>Preferred Skills</strong></p> 
  <ul> 
   <li>Enrolled in the last year of master degree of computer science, applied mathematics or electrical engineering</li> 
   <li>Excellent skills in mathematics, optimisation and computer science</li> 
   <li>Practical knowledge of supervised and reinforcement Learning</li> 
   <li>Enthusiastic, rigorous and autonomous, looking to discover entrepreneurship and the renewable energies</li> 
   <li>Fluent in English, proficient in French</li> 
  </ul> 
  <p><strong>Compensation</strong></p> 
  <ul> 
   <li>Paid internship</li> 
   <li>Partial home office possible, must come to the office every week</li> 
  </ul> 
  <p>You do not need to meet 100% of the requirements to apply. References and a cover letter are welcome but not mandatory.</p> 
  <p><strong>Expected start date</strong> : Flexible</p> 
  <p><strong>Expected commitment</strong> : Full-time</p> 
 </div>
</div>","[IT, Design]","https://cdn.filestackcontent.com/output=f:webp,t:true,q:80,c:true/cache=expiry:max/resize=w:340/HLGLQsbhRhGNDddUBogu","Marseille, France","Quantitative Analyst & Machine Learning Intern","STACKEASE","Energy, Sustainability, 1 - 10, "
